q1_DT,q2_DT,q3_DT,q4_DT,q5_DT,q6_DT,q1_PT,q2_PT,q3_PT,q4_PT,q5_PT,q6_PT,q1_e,q2_e,q3_e,q4_e,q5_e,q6_e,x_DT,y_DT,z_DT,roll_DT,pitch_DT,yaw_DT
-4.349897520355098,-1.7135959928671598,2.6927937030769655,-6.283185307179586,0.0,0.0,-4.349898198348107,-1.7135963587159289,2.692793491432146,-6.283185141996203,-3.2005454767352416e-07,5.759472649459229e-07,-6.779930092903896e-07,-3.6584876905720876e-07,-2.1164481944779823e-07,1.6518338341597882e-07,-3.200545477533012e-07,5.759472649913278e-07,0.21339833168264494,0.06660679132694608,0.16835557972299214,1.5707963267948966,-0.9791977102098058,1.9332877868244887
-2.4166097335306103,-2.8559933214452666,0.8975979010256552,-3.141592653589793,0.0,0.0,-2.4166104045547616,-2.8559933224608223,0.897597709596146,-3.141592978020005,3.924005334019931e-07,3.3774056539125425e-07,-6.710241513552262e-07,-1.015555639582999e-09,-1.9142950913320078e-07,-3.2443021202865907e-07,3.924005333999503e-07,3.377405652926768e-07,-0.4423543815172868,-0.09376647366480102,0.3855911575642285,1.5707963267948966,-1.1831972331701819,-2.4166097335306103
1.4499658401183657,5.14078797860148,6.283185307179586,3.141592653589793,-6.283185307179586,0.0,1.4499653189508508,5.140787968225754,6.283185689149415,3.141592597469196,-6.28318545699819,1.5904638444677525e-07,-5.211675149219275e-07,-1.0375726056111034e-08,3.819698290996598e-07,-5.612059705839556e-08,-1.4981860374518874e-07,1.5904638450692232e-07,0.20801037543763604,-0.13818411427383917,0.6027800852378873,-1.570796326794897,-1.1423973285781066,-1.691626813471427
-6.283185307179586,-1.7135959928671598,2.6927937030769655,3.141592653589793,-6.283185307179586,0.0,-6.283185340617673,-1.713596270909966,2.69279368876395,3.1415930839545654,-6.283185134316594,3.264631874722811e-07,-3.343808696598671e-08,-2.780428061122109e-07,-1.4313015661571171e-08,4.303647722636583e-07,1.7286299236474179e-07,3.26463187594328e-07,-0.15508323034272953,-0.22315000000000007,0.26355303517764395,-1.5707963267948961,0.9791977102098054,-3.1415926535897927
6.283185307179586,3.9983906500233726,2.6927937030769655,0.0,-6.283185307179586,0.0,6.283185548542945,3.998391081495644,2.692793906886351,9.354747338393144e-08,-6.283185458176455,-2.6054730167028326e-07,2.413633586328956e-07,4.3147227124507026e-07,2.038093853684586e-07,9.354747332324109e-08,-1.5099686834219028e-07,-2.6054730151159333e-07,-0.002343873289474394,-0.22315000000000002,0.17297653629448997,1.5707963267948966,-0.40799904592075154,-4.852932433962716e-16
-5.316541413767342,2.8559933214452666,0.8975979010256552,-6.283185307179586,6.283185307179586,0.0,-5.316541270775781,2.8559932700550386,0.8975971864913078,-6.283185241658668,6.283185428792198,-3.7666771386536397e-07,1.429915608142096e-07,-5.139022807298943e-08,-7.145343472458876e-07,6.552091846856456e-08,1.2161261153664782e-07,-3.7666771390831855e-07,0.3876721850395377,0.1688151818874703,0.27557748212180677,-1.5707963267948968,0.6119985688811287,-2.174948760177549
5.316541413767341,-1.7135959928671598,-4.487989505128276,-3.141592653589793,-6.283185307179586,0.0,5.3165413793483705,-1.713596212117055,-4.4879895676384525,-3.141592413239575,-6.283185302939823,-1.7313936671030706e-07,-3.441897078459988e-08,-2.192498951281152e-07,-6.251017659053559e-08,2.4035021795043576e-07,4.239763207181113e-09,-1.7313936684359987e-07,-0.28861962159238413,0.025312769422162262,0.4606092378337467,-1.5707963267948966,0.08159980918415093,2.174948760177548
-4.349897520355098,-1.7135959928671598,0.8975979010256552,-3.141592653589793,-6.283185307179586,0.0,-4.349897418017337,-1.7135958939842728,0.8975980990574638,-3.1415927563396933,-6.283185937570429,3.1101468456413927e-07,1.0233776137624773e-07,9.888288676762613e-08,1.9803180872912662e-07,-1.0274990014380592e-07,-6.30390842637496e-07,3.110146846729833e-07,0.22611020737998647,0.033088329832684005,0.6066948259769498,-1.5707963267948968,-0.8159980918415045,-1.2083048667653045
0.4833219467061216,6.283185307179586,4.487989505128276,-3.141592653589793,6.283185307179586,0.0,0.48332234438852667,6.283185358992196,4.487989369916921,-3.1415921766096004,6.283185199225834,-3.4985241595843456e-07,3.9768240522874976e-07,5.181261020226202e-08,-1.3521135500127457e-07,4.769801926762796e-07,-1.0795375260386209e-07,-3.4985241592622174e-07,0.00373637223233432,-0.25005603308296903,0.3407124691639934,1.5707963267948952,-1.3463968515384825,0.483321946706123
2.41660973353061,3.9983906500233726,4.487989505128276,3.141592653589793,-6.283185307179586,0.0,2.416609342698017,3.9983909504631305,4.487989888924376,3.1415926929719658,-6.283185925385516,-1.8974401397816228e-07,-3.908325929558032e-07,3.0043975796090194e-07,3.837960997898904e-07,3.938217263410593e-08,-6.182059300030573e-07,-1.8974401383431427e-07,-0.014200623605800752,0.31070596627023117,0.11349433248321553,1.5707963267948961,0.9383978056177315,2.4166097335306094
5.316541413767341,-2.8559933214452666,-0.8975979010256552,0.0,6.283185307179586,0.0,5.31654146624387,-2.855992839882366,-0.8975977638897916,9.513063171490484e-08,6.283185226784888,-4.715082851963624e-07,5.2476528900058383e-08,4.815629006671429e-07,1.3713586355379448e-07,9.513063181643133e-08,-8.039469800991128e-08,-4.7150828530462263e-07,0.07608340675931234,-0.5030507840339214,0.16784071822315924,-1.5707963267948963,-0.6119985688811284,2.1749487601775477
-2.4166097335306103,2.8559933214452666,0.8975979010256552,-3.141592653589793,-6.283185307179586,0.0,-2.4166095021214895,2.855993620317309,0.8975974187999103,-3.141593212748282,-6.28318544957758,5.844380879750084e-07,2.3140912075447773e-07,2.9887204222589503e-07,-4.822257446690514e-07,-5.591584888442469e-07,-1.4239799384085927e-07,5.844380881470101e-07,-0.49021213615917447,-0.13616474456886818,0.13585928177684084,1.5707963267948968,-0.6119985688811287,-2.4166097335306107
5.316541413767341,3.9983906500233726,-4.487989505128276,6.283185307179586,6.283185307179586,0.0,5.31654125723234,3.9983905015601406,-4.487989549392372,6.283185201134845,6.283185442818256,3.591396199657203e-07,-1.565350009613553e-07,-1.484632319304069e-07,-4.42640963882468e-08,-1.060447409884091e-07,1.3563867007349018e-07,3.5913961982103615e-07,-0.22273169043410845,-0.07014237827429477,0.3608515628261186,1.5707963267948968,0.4895988551049036,-0.966643893412245
-2.4166097335306103,5.14078797860148,-4.487989505128276,6.283185307179586,-6.283185307179586,0.0,-2.4166094517463343,5.140787672618095,-4.487989327947804,6.283185230823639,-6.283185701639974,-2.39362533775575e-07,2.8178427591285526e-07,-3.0598338529586044e-07,1.7718047207182508e-07,-7.63559473426767e-08,-3.944603879091346e-07,-2.3936253379375216e-07,0.015719775371394018,0.3120518172944587,0.17608972778041326,1.5707963267948968,-0.6527984734732042,-2.4166097335306103
3.383253626942853,3.9983906500233726,-4.487989505128276,3.141592653589793,0.0,0.0,3.383253440947313,3.9983905513723914,-4.487989419475583,3.1415928462378773,-3.0509472336172565e-07,1.959880426114561e-08,-1.8599553985865214e-07,-9.865098116179638e-08,8.565269293825395e-08,1.9264808415186963e-07,-3.050947232630108e-07,1.9598804357201516e-08,-0.06454527393210249,0.21391941428883346,0.5114979959835435,-1.5707963267948966,-0.4895988551049034,0.2416609733530598
0.4833219467061216,5.14078797860148,2.6927937030769655,-6.283185307179586,6.283185307179586,0.0,0.4833222810030389,5.140787683904755,2.69279421266556,-6.28318548972632,6.283184838150584,-3.6330739781520666e-07,3.3429691725928024e-07,-2.9469672568893657e-07,5.095885944328415e-07,-1.8254673417317235e-07,-4.690290023035004e-07,-3.633073979436574e-07,0.0858246858402027,-0.2069727625620758,0.15849421821229773,1.5707963267948817,-1.5503963744988596,0.4833219467061357
4.349897520355098,5.14078797860148,-6.283185307179586,-3.141592653589793,-6.283185307179586,0.0,4.349897275028095,5.1407877277321115,-6.28318547185852,-3.141592625369815,-6.283185442957798,-1.9372121525851565e-07,-2.453270031566035e-07,-2.508693688341168e-07,-1.6467893360072594e-07,2.8219977910026728e-08,-1.3577821178500926e-07,-1.9372121506933127e-07,-0.1688963488694621,0.18394887622901296,0.6027800852378872,-1.570796326794897,-1.1423973285781057,1.2083048667653054
2.41660973353061,5.14078797860148,2.6927937030769655,0.0,-6.283185307179586,0.0,2.416609320270524,5.140788144582936,2.6927939680158848,2.749384050863544e-07,-6.283184440132144,1.1412624246497493e-07,-4.1326008570763406e-07,1.6598145613500037e-07,2.6493891924772583e-07,2.749384049316461e-07,8.670474418437379e-07,1.141262426784806e-07,0.16308904176118638,0.15364102837316887,0.15849421821229767,1.5707963267949057,-1.5503963744988594,2.416609733530602
6.283185307179586,5.14078797860148,-4.487989505128276,0.0,-6.283185307179586,0.0,6.283185534946982,5.140788042504298,-4.487989872194532,3.570624105038491e-07,-6.283185477408002,-5.216716245521505e-07,2.2776739605490093e-07,6.39028181481649e-08,-3.670662565014027e-07,3.570624103055309e-07,-1.702284153637379e-07,-5.216716245648456e-07,-0.21869505141749615,-0.22314999999999996,0.17608972778041326,1.5707963267948968,-0.6527984734732045,-5.064342541048469e-16
0.4833219467061216,3.9983906500233726,0.8975979010256552,-6.283185307179586,0.0,0.0,0.4833217072695592,3.9983909971597305,0.8975978742578049,-6.283185421862692,3.2887367497480156e-07,-8.121817834647511e-07,-2.3943656257685575e-07,3.4713635788108377e-07,-2.6767850158648798e-08,-1.1468310567863682e-07,3.288736749595955e-07,-8.121817836048706e-07,0.13615665052004794,-0.18055650968948705,0.529947198943794,1.5707963267948963,1.3871967561305585,0.48332194670612116
-4.349897520355098,2.8559933214452666,-4.487989505128276,-6.283185307179586,0.0,0.0,-4.34989683213394,2.8559931544151476,-4.48798915511238,-6.283185347150184,-4.777594589253825e-07,-2.658102664990686e-07,6.882211582848186e-07,-1.670301190692669e-07,3.500158962665978e-07,-3.997059749849541e-08,-4.777594591054424e-07,-2.6581026668637264e-07,0.15136814084716116,0.23016696234369818,0.30125504609723985,-1.5707963267948957,1.5095964699067843,-1.208304866765304
0.4833219467061216,3.9983906500233726,-2.6927937030769655,0.0,0.0,0.0,0.4833220850345844,3.998390873178362,-2.6927927924231776,-2.0223940187634994e-07,1.3717396896998862e-09,5.336413756575107e-07,1.3832846290640077e-07,2.2315498959812885e-07,9.106537879333132e-07,-2.02239401669857e-07,1.371739610789291e-09,5.336413755330227e-07,0.26837782013579103,-0.11116148658844072,0.10779584627934649,1.5707963267948963,-1.305596946946407,0.4833219467061218
4.349897520355098,-2.8559933214452666,-2.6927937030769655,3.141592653589793,-6.283185307179586,0.0,4.349897330316394,-2.8559932931082828,-2.692793628449984,3.14159271877519,-6.283184742156504,3.6868407653620744e-07,-1.900387038844542e-07,2.8336983870502763e-08,7.46269814833056e-08,6.518539708011417e-08,5.65023082543803e-07,3.686840766015109e-07,-0.21511817732574048,0.06207193106425265,0.14094165751337698,-1.5707963267948963,0.7343982826573543,1.2083048667653051
-2.4166097335306103,-0.571198664289053,-0.8975979010256552,-6.283185307179586,-6.283185307179586,0.0,-2.416610231913582,-0.5711990237983965,-0.8975975053874345,-6.283185645290954,-6.283185626197741,-5.673869196672499e-07,-4.983829717808419e-07,-3.5950934362816156e-07,3.956382208514242e-07,-3.3811136734840375e-07,-3.1901815500390285e-07,-5.673869196698433e-07,0.08518703951110455,0.3735944430611501,0.4869243791812516,1.5707963267948937,1.468796565314708,-2.4166097335306134
-6.283185307179586,-2.8559933214452666,0.8975979010256552,-3.141592653589793,6.283185307179586,0.0,-6.283184665272303,-2.8559934021292275,0.8975978245787208,-3.141592663044533,6.2831849066860155,-2.2995956275026935e-08,6.419072828833805e-07,-8.068396084581764e-08,-7.644693411634762e-08,-9.454740101944026e-09,-4.0049357075133685e-07,-2.29959562503268e-08,0.3932856823367375,-0.2231499999999999,0.3855911575642285,1.570796326794896,-1.1831972331701819,1.0429346710688207e-15
0.4833219467061216,3.9983906500233726,2.6927937030769655,6.283185307179586,6.283185307179586,0.0,0.48332142412906137,3.998390602512602,2.6927936008749422,6.283185530011661,6.2831857453351,2.2744871983275753e-07,-5.225770602912405e-07,-4.751077042897123e-08,-1.02202023288811e-07,2.2283207457007848e-07,4.3815551364900784e-07,2.2744871985835857e-07,0.1016275791140342,-0.19867876435446702,0.17297653629448997,1.5707963267948963,-0.4079990459207513,0.4833219467061219
-5.316541413767342,-0.571198664289053,-6.283185307179586,6.283185307179586,0.0,0.0,-5.316541077194164,-0.571198746213987,-6.283185804608878,6.283185673347534,-2.1606388513034397e-07,-3.0992076957394084e-07,3.3657317821678134e-07,-8.192493394787448e-08,-4.974292915349565e-07,3.6616794751864745e-07,-2.1606388500572393e-07,-3.099207694923223e-07,-0.060838403526112625,-0.48096458388047636,0.3269867043457027,1.5707963267948966,0.5711986642890531,0.9666438934122443
-0.4833219467061225,6.283185307179586,4.487989505128276,-6.283185307179586,-6.283185307179586,0.0,-0.4833220744190739,6.283185699151981,4.487989776664903,-6.283185518739288,-6.283185402531133,1.3342348807138702e-07,-1.277129513255204e-07,3.919723949863396e-07,2.7153662696122183e-07,-2.115597022012139e-07,-9.535154710249572e-08,1.3342348825773342e-07,-0.3510273435581056,-0.06778367043501946,0.37869679259033634,-1.5707963267948952,1.3463968515384825,2.658270706883672
-4.349897520355098,2.8559933214452666,-4.487989505128276,-3.141592653589793,0.0,0.0,-4.349897790488256,2.8559936241396784,-4.487989486171892,-3.1415926504828513,4.762707260071471e-07,3.2324594952998386e-08,-2.7013315762047796e-07,3.026944117578978e-07,1.8956384018053996e-08,3.1069418149343164e-09,4.762707259686749e-07,3.232459500068785e-08,0.09095040843823587,0.389475429916481,0.2908147505949514,1.5707963267948957,-1.509596469906784,1.9332877868244893
-5.316541413767342,-1.7135959928671598,-6.283185307179586,3.141592653589793,-6.283185307179586,0.0,-5.3165412587814,-1.713595882176341,-6.283184859580901,3.1415926306667727,-6.28318560038733,-4.6447506806705954e-07,1.5498594230223262e-07,1.1069081873316122e-07,4.475986852270353e-07,-2.2923020370768654e-08,-2.932077434181224e-07,-4.644750681848109e-07,0.26856519171544807,-0.0037410881238072735,0.5918043721324913,1.570796326794898,-1.4279966607226335,0.966643893412243
6.283185307179586,3.9983906500233726,6.283185307179586,6.283185307179586,-6.283185307179586,0.0,6.283185658098056,3.9983899348157816,6.283185053020278,6.28318506222133,-6.2831849435640255,-5.875819738438539e-07,3.50918469393946e-07,-7.152075909289124e-07,-2.541593078220217e-07,-2.4495825634573976e-07,3.6361556077224577e-07,-5.875819737433119e-07,0.23460441405837326,-0.22315000000000002,0.5529309817285374,-1.5707963267948963,0.8567979964335789,-3.141592653589793
-2.4166097335306103,5.14078797860148,-0.8975979010256552,-3.141592653589793,-6.283185307179586,0.0,-2.4166095300652137,5.1407886056502985,-0.8975985450302355,-3.1415923943031308,-6.283185588792674,5.294610580760159e-07,2.03465396531044e-07,6.270488182025247e-07,-6.440045803302041e-07,2.592866623629675e-07,-2.8161308751606384e-07,5.294610581074721e-07,-0.20138581960368118,0.11971304378908218,0.5249576484481902,1.570796326794897,-1.101597423986032,-2.4166097335306107
-4.349897520355098,6.283185307179586,-6.283185307179586,3.141592653589793,0.0,0.0,-4.349897793113616,6.283185899528889,-6.283185349248113,3.1415926406594563,4.5548361705012227e-07,2.0495446642469419e-07,-2.727585179940206e-07,5.923493029413862e-07,-4.2068526440175447e-08,-1.2930336801275644e-08,4.554836170456156e-07,2.0495446628743252e-07,0.3706146567119286,-0.34793858830302127,0.23720000000000008,-1.5707963267948966,-1.2246467991473532e-16,-1.208304866765305
-5.316541413767342,-2.8559933214452666,0.8975979010256552,-6.283185307179586,0.0,0.0,-5.316541229325629,-2.8559931483506857,0.897597748793749,-6.283185336565653,1.7028957831768286e-07,-5.839905091171463e-07,1.844417134577725e-07,1.730945808908757e-07,-1.5223190619195748e-07,-2.9386066913161812e-08,1.7028957843834291e-07,-5.839905092841491e-07,0.3172851421045182,0.06684194549704142,0.45011007349814286,-1.5707963267948966,1.183197233170182,-2.174948760177549
-4.349897520355098,-1.7135959928671598,4.487989505128276,0.0,6.283185307179586,0.0,-4.349898218782056,-1.7135962943843464,4.487989998618294,2.492383609843639e-07,6.283185545907391,1.9749399658776457e-07,-6.984269580456726e-07,-3.015171863296473e-07,4.934900177389068e-07,2.4923836106083286e-07,2.3872780463563004e-07,1.9749399671198375e-07,0.11493070158546044,0.3262445935227256,0.3960419086331324,-1.5707963267948966,-0.3671991413286772,-1.2083048667653051
-0.4833219467061225,-2.8559933214452666,-4.487989505128276,6.283185307179586,0.0,0.0,-0.48332175431008984,-2.8559934480460534,-4.487989196250903,6.283185735147874,8.644780134072338e-08,-2.410928593328425e-07,1.9239603243903503e-07,-1.2660078674286979e-07,3.0887737256790615e-07,4.279682874752666e-07,8.644780136179975e-08,-2.410928594542838e-07,-0.05489969171859027,-0.22320345154861082,0.36486937818743276,1.5707963267948966,1.0607975193939563,-0.48332194670612255
6.283185307179586,-1.7135959928671598,6.283185307179586,0.0,6.283185307179586,0.0,6.283185116687924,-1.713595996357368,6.283185363977833,-3.398428963044705e-07,6.283185241120768,-8.584962041036287e-08,-1.904916624440034e-07,-3.4902081225141046e-09,5.6798246994560486e-08,-3.398428964906941e-07,-6.605881797128177e-08,-8.584962030155907e-08,-0.019478957683214695,-0.22314999999999996,0.6160975150257411,-1.570796326794898,1.4279966607226333,3.141592653589792
0.4833219467061216,3.9983906500233726,0.8975979010256552,0.0,-6.283185307179586,0.0,0.4833224659841911,3.9983909363787875,0.8975978731236365,-3.239494512764235e-07,-6.283184854772057,-5.93347723402294e-07,5.192780694329713e-07,2.863554149357128e-07,-2.790201847346907e-08,-3.239494512641272e-07,4.52407529216714e-07,-5.933477233988071e-07,0.13615665052004794,-0.18055650968948705,0.5299471989437942,1.570796326794895,1.3871967561305587,0.48332194670611983
6.283185307179586,-6.283185307179586,4.487989505128276,3.141592653589793,6.283185307179586,0.0,6.2831860476207835,-6.283185266760265,4.4879898801568245,3.14159272001714,6.283185225712628,4.6395747927546395e-07,7.404411972444791e-07,4.0419321223339466e-08,3.7502854866033886e-07,6.642734673434347e-08,-8.146695851252161e-08,4.6395747910210616e-07,-0.11289843957579518,-0.22314999999999996,0.34071246916399334,1.5707963267948952,-1.3463968515384828,1.1240496021315616e-15
0.4833219467061216,3.9983906500233726,-4.487989505128276,3.141592653589793,6.283185307179586,0.0,0.4833225840625615,3.9983909549831744,-4.487989460070147,3.141592944017582,6.283185322242353,9.45756936601769e-08,6.373564400696807e-07,3.04959801855631e-07,4.505812878363713e-08,2.904277889292928e-07,1.5062767033668933e-08,9.45756934989106e-08,0.11386397231243553,-0.19225660978463294,0.5114979959835435,-1.5707963267948963,-0.4895988551049034,-2.658270706883672
0.4833219467061216,6.283185307179586,4.487989505128276,-6.283185307179586,6.283185307179586,0.0,0.4833213858890492,6.283185144571901,4.487990083639601,-6.283184821081338,6.283185392919439,1.2496275526618944e-07,-5.608170723370165e-07,-1.626076855387737e-07,5.785113250666996e-07,4.860982478760434e-07,8.573985255111438e-08,1.2496275525464284e-07,-0.14362139187497183,-0.3273953538140079,0.37869679259033634,-1.5707963267948974,1.3463968515384825,-2.6582707068836724
-1.4499658401183666,-0.571198664289053,6.283185307179586,3.141592653589793,-6.283185307179586,0.0,-1.449965476730324,-0.5711988065871029,6.283184959303839,3.141593009366999,-6.283185462806515,1.22192090323689e-07,3.6338804232372013e-07,-1.4229804978782568e-07,-3.478757468755589e-07,3.5577720591817297e-07,-1.5562692912141074e-07,1.2219209022390487e-07,-0.26227629911816486,0.30873597581558276,0.4705886823999854,-1.5707963267948968,-0.5711986642890534,1.691626813471427
-6.283185307179586,-1.7135959928671598,6.283185307179586,0.0,-6.283185307179586,0.0,-6.2831852799632495,-1.7135964550159577,6.2831851843112325,4.791676946902335e-07,-6.283185217407218,-2.9357171476344697e-07,2.7216336739854796e-08,-4.6214879789729935e-07,-1.2286835371355664e-07,4.791676948556756e-07,8.977236820584267e-08,-2.935717149377126e-07,-0.01947895768321459,-0.22314999999999996,0.6160975150257411,-1.5707963267948946,1.4279966607226333,-3.141592653589791
-3.3832536269428544,3.9983906500233726,6.283185307179586,3.141592653589793,-6.283185307179586,0.0,-3.383253006371086,3.998390127275894,6.283185483064887,3.1415930368387257,-6.283184949853951,-4.570639185950374e-07,6.205717681950773e-07,-5.227474786373421e-07,1.758853009903305e-07,3.832489325894528e-07,3.573256348587961e-07,-4.5706391871291885e-07,-0.29964170497313514,0.30368344259346836,0.44114625444407707,1.5707963267948968,-0.856797996433579,2.899931680236732
6.283185307179586,-2.8559933214452666,2.6927937030769655,-6.283185307179586,6.283185307179586,0.0,6.283185229801042,-2.855993156214168,2.6927937673616533,-6.283185163163242,6.283184997019023,3.4857220020636485e-07,-7.737854446077108e-08,1.6523109858113116e-07,6.428468779517971e-08,1.440163446275733e-07,-3.101605630106974e-07,3.485721999929581e-07,0.009450076166979467,-0.22315000000000002,0.17088996686545965,1.5707963267948966,0.16319961836830085,-6.784437011774911e-18
5.316541413767341,3.9983906500233726,0.8975979010256552,3.141592653589793,0.0,0.0,5.3165411807415675,3.9983907375490833,0.8975979112902573,3.14159305981055,4.807389660758513e-07,-8.919640982434831e-08,-2.330257737881425e-07,8.752571067915937e-08,1.0264602057219463e-08,4.0622075703211635e-07,4.807389659688965e-07,-8.91964098137521e-08,-0.06748928925722286,-0.2950498244876973,0.561111867361073,-1.5707963267948963,-1.387196756130559,2.1749487601775477
-4.349897520355098,-2.8559933214452666,6.283185307179586,-6.283185307179586,-6.283185307179586,0.0,-4.349897505086722,-2.8559930967700624,6.283185742441409,-6.283184855436535,-6.283185211935676,-1.8764013168287167e-07,1.5268375896937414e-08,2.2467520421898257e-07,4.352618230285543e-07,4.5174305096651324e-07,9.52439105361691e-08,-1.876401318767762e-07,0.06177062894653598,0.4664161850489545,0.36242407063532034,-1.5707963267948966,0.2855993321445266,-1.2083048667653045
2.41660973353061,-2.8559933214452666,-4.487989505128276,-3.141592653589793,6.283185307179586,0.0,2.416610667136841,-2.855993457131273,-4.487990310397495,-3.141592601973697,6.283184960853403,-7.399225806543875e-07,9.336062309905913e-07,-1.356860064305465e-07,-8.052692193061262e-07,5.161609628601127e-08,-3.463261828429154e-07,-7.399225805393428e-07,-0.004790836251716932,0.30236962211088947,0.4482010565598744,-1.5707963267948961,-1.0607975193939558,-0.724982920059184
2.41660973353061,5.14078797860148,6.283185307179586,-3.141592653589793,6.283185307179586,0.0,2.4166100027507915,5.140787479939531,6.283185683016129,-3.1415927631696943,6.283185466642527,1.6749235345812723e-07,2.69220181703389e-07,-4.986619490665589e-07,3.7583654233230845e-07,-1.0957990115301186e-07,1.594629406298509e-07,1.6749235332014223e-07,0.2318866578106083,0.09269165904641899,0.6027800852378873,-1.570796326794896,-1.1423973285781064,-0.724982920059184
3.383253626942853,-1.7135959928671598,6.283185307179586,-6.283185307179586,0.0,0.0,3.3832532687727777,-1.7135962205311348,6.283185860258316,-6.283184700307197,3.840005589840431e-07,-4.8630223747420074e-08,-3.581700753763073e-07,-2.276639747833542e-07,5.530787294816264e-07,6.068723896746064e-07,3.8400055890619456e-07,-4.863022384782312e-08,-0.034490355911262656,0.2213272862562113,0.6160975150257411,-1.5707963267948961,1.4279966607226335,0.2416609733530602
3.383253626942853,3.9983906500233726,-6.283185307179586,3.141592653589793,-6.283185307179586,0.0,3.3832537336024004,3.9983911332296804,-6.283185711097508,3.1415924838187737,-6.283185419536963,2.3002841681745146e-07,1.0665954741639894e-07,4.832063078552551e-07,-4.039179213322086e-07,-1.6977101946480389e-07,-1.123573767358721e-07,2.300284167588984e-07,-0.406448285944672,0.12964789052377923,0.44114625444407723,1.5707963267948968,-0.8567979964335795,-2.8999316802367336
2.41660973353061,5.14078797860148,-0.8975979010256552,6.283185307179586,0.0,0.0,2.416609702690977,5.140788456048972,-0.8975978212548058,6.283185100528613,1.4933772751729054e-07,2.5118931781933457e-07,-3.0839632625401237e-08,4.77447491320504e-07,7.977084948151969e-08,-2.0665097366645568e-07,1.4933772751746233e-07,2.511893177903346e-07,0.2085285220172179,0.11338516162698827,0.6021433930213445,-1.5707963267948966,1.1015974239860316,-0.7249829200591832
-4.349897520355098,3.9983906500233726,-2.6927937030769655,-6.283185307179586,-6.283185307179586,0.0,-4.3498976083281935,3.998390151700624,-2.6927936951073135,-6.283185360287489,-6.283185450871483,-2.376753256780176e-07,-8.797309547503573e-08,-4.983227483990049e-07,7.969652049411025e-09,-5.310790296420009e-08,-1.436918966035705e-07,-2.3767532564278326e-07,0.14270036568760516,0.253022007094274,0.10779584627934649,1.5707963267948972,-1.3055969469464073,1.9332877868244878
-2.4166097335306103,6.283185307179586,-0.8975979010256552,0.0,-6.283185307179586,0.0,-2.416609716861565,6.2831852718111785,-0.8975976482022617,-1.7688686839475257e-07,-6.283185317501364,-1.1728662567243945e-07,1.6669045255213177e-08,-3.536840775808514e-08,2.528233933318802e-07,-1.7688686826389244e-07,-1.0321778098898449e-08,-1.1728662574483906e-07,0.183769638556439,0.4609310047537622,0.26532161747354116,1.5707963267948961,0.8975979010256554,-2.4166097335306107
3.383253626942853,3.9983906500233726,0.8975979010256552,6.283185307179586,-6.283185307179586,0.0,3.383253432303757,3.9983905577406187,0.8975980956204598,6.28318527093355,-6.283184741667065,-1.435956363831414e-07,-1.94639095951743e-07,-9.228275388295515e-08,1.945948047143986e-07,-3.624603639451607e-08,5.655125212555845e-07,-1.4359563627053262e-07,-0.08899018465279655,0.20789428493238932,0.5299471989437942,1.570796326794895,1.387196756130559,-2.899931680236735
2.41660973353061,-1.7135959928671598,-4.487989505128276,3.141592653589793,-6.283185307179586,0.0,2.416609838180589,-1.7135960490592146,-4.4879898574656,3.141592691512371,-6.283185357874611,-2.5914862330791413e-07,1.0464997934889197e-07,-5.6192054564974114e-08,-3.523373237612759e-07,3.792257796675358e-08,-5.069502506671597e-08,-2.5914862344933454e-07,0.2862906021629514,0.04449397012096436,0.4606092378337467,-1.5707963267948966,0.08159980918415066,-0.7249829200591831
3.383253626942853,-0.571198664289053,-6.283185307179586,-6.283185307179586,6.283185307179586,0.0,3.3832534187132284,-0.5711985027074384,-6.283185122495074,-6.2831855218129355,6.283185861489703,4.5383066451737795e-07,-2.0822962465416595e-07,1.6158161475487987e-07,1.8468451212783066e-07,-2.1463334931581812e-07,5.543101169180886e-07,4.538306646040269e-07,0.36447671232336576,0.3196638366548151,0.3269867043457027,1.5707963267948968,0.5711986642890525,-2.899931680236733
1.4499658401183657,5.14078797860148,-4.487989505128276,3.141592653589793,6.283185307179586,0.0,1.4499662238925306,5.140787448933543,-4.4879889934441,3.141592608486425,6.283185472540784,-6.553404542029363e-08,3.8377416489154825e-07,-5.296679370658808e-07,5.116841759189583e-07,-4.5103368151444556e-08,1.653611976237812e-07,-6.553404530151852e-08,0.18266433958135803,-0.34692749980957466,0.31169160326026085,-1.5707963267948968,0.6527984734732043,-1.6916268134714278
-2.4166097335306103,-1.7135959928671598,-0.8975979010256552,0.0,0.0,0.0,-2.416609513656906,-1.7135959724405323,-0.8975978397258462,6.828976540489343e-08,2.2297808726625446e-07,-1.408049479173512e-07,2.1987370413256713e-07,2.042662750056934e-08,6.129980878455399e-08,6.828976539807741e-08,2.229780871054743e-07,-1.4080494770141172e-07,-0.2792583348912375,0.050724015284741665,0.5743974361982396,-1.5707963267948966,0.5303987596969784,0.724982920059183
-4.349897520355098,5.14078797860148,-6.283185307179586,0.0,6.283185307179586,0.0,-4.349897145687437,5.140787914021424,-6.283185179772457,1.5284741397763125e-07,6.283185645977648,4.1910803210313347e-07,3.7466766134031104e-07,-6.458005596954308e-08,1.2740712929115716e-07,1.5284741383680966e-07,3.387980616054165e-07,4.191080322790697e-07,0.3034623838704167,-0.1708725970141742,0.531868742518465,1.570796326794897,1.142397328578106,1.9332877868244889
0.4833219467061216,-1.7135959928671598,4.487989505128276,6.283185307179586,6.283185307179586,0.0,0.48332264536079117,-1.7135964380040087,4.4879896447278655,6.283185284431654,6.283185042660322,-3.268299737618916e-07,6.986546696730045e-07,-4.4513684915870044e-07,1.3959958966580643e-07,-2.274793242662554e-08,-2.6451926427029093e-07,-3.2682997375133027e-07,0.3377192683450488,-0.07476828711572546,0.3960419086331324,-1.5707963267948966,-0.3671991413286774,-2.658270706883672
5.316541413767341,-6.283185307179586,-2.6927937030769655,0.0,-6.283185307179586,0.0,5.316540938378343,-6.283185251789579,-2.692793698278585,-3.5341997060072137e-07,-6.283185790803801,-2.4710493985031065e-07,-4.753889983888371e-07,5.539000724752441e-08,4.798380359716248e-09,-3.534199706223262e-07,-4.836242144534708e-07,-2.471049400654124e-07,-0.23391997489721272,-0.05393334989654687,0.3212517060553349,-1.5707963267948963,0.448798950512828,2.174948760177548
4.349897520355098,5.14078797860148,4.487989505128276,6.283185307179586,0.0,0.0,4.3498977301116675,5.140788207690308,4.487989583774083,6.283185687549586,1.2089832544146832e-07,2.1892147362958482e-07,2.0975656944699494e-07,2.2908882790773077e-07,7.864580719996184e-08,3.803699994975318e-07,1.208983255729379e-07,2.189214738379519e-07,-0.24067464136359312,-0.005314926404893207,0.5001627298469625,-1.5707963267948966,0.2039995229603762,1.2083048667653047
0.4833219467061216,5.14078797860148,-2.6927937030769655,-6.283185307179586,0.0,0.0,0.4833214880992536,5.1407875502046725,-2.6927942493678643,-6.28318527082701,-3.631536072888121e-07,-6.185206392339145e-09,-4.5860686803678163e-07,-4.2839680780559775e-07,-5.462908987396986e-07,3.635257606049436e-08,-3.6315360718575107e-07,-6.185206569142565e-09,0.20759431773306036,-0.1430631296132183,0.302720272392048,-1.5707963267948966,-0.6935983780652782,-2.658270706883672
-4.349897520355098,-0.571198664289053,-0.8975979010256552,-3.141592653589793,0.0,0.0,-4.349897416794857,-0.5711984226587451,-0.8975980706980403,-3.141592262890876,6.514999787007093e-08,-3.3880565953995574e-09,1.0356024127133878e-07,2.4163030776236383e-07,-1.6967238503085014e-07,3.90698917218657e-07,6.51499978410186e-08,-3.388056502018344e-09,0.2588926858631324,-0.05335196181944359,0.5043055630115963,-1.5707963267948961,-1.468796565314708,-1.2083048667653056
-3.3832536269428544,5.14078797860148,-4.487989505128276,6.283185307179586,-6.283185307179586,0.0,-3.383253518989092,5.140787940772306,-4.487989776345525,6.283185543641406,-6.283185143487497,3.188930095788014e-07,1.079537623738247e-07,-3.7829174459602655e-08,-2.712172495478171e-07,2.3646181990244486e-07,1.6369208921673817e-07,3.188930097763887e-07,0.2657434611711561,0.1643285150522438,0.17608972778041326,1.5707963267948968,-0.6527984734732042,2.899931680236732
-6.283185307179586,-0.571198664289053,-0.8975979010256552,6.283185307179586,0.0,0.0,-6.283184964052264,-0.5711994606176526,-0.8975981233731046,6.283185781163119,4.2495674567566824e-07,-3.785123528794152e-07,3.431273221110587e-07,-7.963285995060687e-07,-2.223474493412425e-07,4.7398353242300573e-07,4.249567457925707e-07,-3.785123530164469e-07,-0.31150235486563727,-0.22315000000000007,0.4869243791812516,1.5707963267948961,1.4687965653147084,-3.53305762260657e-16
1.4499658401183657,-2.8559933214452666,6.283185307179586,-6.283185307179586,-6.283185307179586,0.0,1.4499660114981139,-2.8559937447897235,6.2831853992184925,-6.283185728859192,-6.283185025355204,-5.611463083177109e-07,1.7137974817060808e-07,-4.2334445682357114e-07,9.203890627418332e-08,-4.2167960589978293e-07,2.8182438249757524e-07,-5.611463085308799e-07,0.2714495846176026,0.38428477889060625,0.36242407063532034,-1.5707963267948966,0.2855993321445266,-1.6916268134714272
6.283185307179586,-2.8559933214452666,-2.6927937030769655,-3.141592653589793,-6.283185307179586,0.0,6.283186170571299,-2.8559933296228017,-2.6927936101269356,-3.1415927763561404,-6.283185071044543,2.146535790625501e-07,8.633917127909285e-07,-8.177535093523147e-09,9.295002989517798e-08,-1.227663473102325e-07,2.3613504307462563e-07,2.1465357891159442e-07,0.01824369321146474,-0.22315000000000002,0.14094165751337698,-1.5707963267948963,0.7343982826573546,-3.141592653589793
-2.4166097335306103,-2.8559933214452666,2.6927937030769655,6.283185307179586,0.0,0.0,-2.4166087260845104,-2.8559927688721993,2.692793438159417,6.2831854256517135,2.0772468214812936e-07,-7.577497598775625e-07,1.0074460998765744e-06,5.525730673028306e-07,-2.649175483426802e-07,1.1847212721960432e-07,2.0772468234397934e-07,-7.57749759827675e-07,-0.15504930476845313,0.16076361382595583,0.17088996686545965,1.5707963267948966,0.16319961836830135,-2.4166097335306103
-6.283185307179586,5.14078797860148,2.6927937030769655,3.141592653589793,-6.283185307179586,0.0,-6.283185756942764,5.1407879621910055,2.692794076498448,3.141592706325478,-6.2831854870401305,-3.413187152117949e-07,-4.497631778122013e-07,-1.6410474756867188e-08,3.7342148262453634e-07,5.2735684707982955e-08,-1.7986054423602127e-07,-3.413187150691499e-07,-0.1908555356594058,-0.22315000000000007,0.16197624854501058,-1.5707963267948817,1.5503963744988591,-3.141592653589778
-2.4166097335306103,5.14078797860148,2.6927937030769655,-6.283185307179586,-6.283185307179586,0.0,-2.4166090389324273,5.140787065600514,2.692793630439368,-6.283185114779122,-6.283185314565628,3.058646691931863e-07,6.945981829709069e-07,-9.130009663849137e-07,-7.263759771447553e-08,1.9240046444934933e-07,-7.386042000234738e-09,3.058646691478373e-07,-0.13286260061168054,0.1804193185355935,0.15849421821229767,1.5707963267949057,-1.5503963744988596,-2.416609733530621
5.316541413767341,-6.283185307179586,6.283185307179586,3.141592653589793,6.283185307179586,0.0,5.316541202419987,-6.283185034000395,6.283184814446457,3.1415924748529367,6.283184460650807,-1.8983991262271865e-07,-2.1134735384009673e-07,2.731791912680137e-07,-4.927331289650283e-07,-1.7873685642655346e-07,-8.465287795189624e-07,-1.8983991267873535e-07,-0.44311242274362456,0.24913423251387062,0.23719999999999997,-1.5707963267948966,-1.2246467991473532e-16,2.1749487601775477
1.4499658401183657,3.9983906500233726,-0.8975979010256552,-3.141592653589793,-6.283185307179586,0.0,1.4499655368014495,3.9983910134179568,-0.897597702406554,-3.141592431916323,-6.283185014039815,-4.982973575139149e-07,-3.033169164723404e-07,3.6339458420187043e-07,1.98619101166031e-07,2.216734702464862e-07,2.9313977112366274e-07,-4.982973575984317e-07,0.26600494985564915,0.33944417739930005,0.24193771061158922,1.5707963267948966,0.040799904592075734,1.4499658401183655
-4.349897520355098,5.14078797860148,2.6927937030769655,3.141592653589793,0.0,0.0,-4.349898198204037,5.140787970992587,2.69279368044639,3.141592469121486,-6.380247031421374e-07,1.3433287975843237e-07,-6.778489387571085e-07,-7.608893071164857e-09,-2.2630575635673722e-08,-1.8446830729601515e-07,-6.380247032922171e-07,1.3433287993080967e-07,0.2763271802191966,-0.09932294530442795,0.16197624854501055,-1.5707963267948937,1.5503963744988591,-1.208304866765303
4.349897520355098,5.14078797860148,6.283185307179586,0.0,-6.283185307179586,0.0,4.349897687731213,5.140788805979437,6.28318499475826,2.2720876324429255e-07,-6.2831855074552125,-5.468848326857922e-07,1.6737611474582081e-07,8.273779563694461e-07,-3.1242132614295315e-07,2.2720876335924345e-07,-2.0027562630531293e-07,-5.468848325307363e-07,-0.11383536524008392,0.32913275810125797,0.5318687425184652,1.570796326794896,1.1423973285781064,-1.933287786824489
0.4833219467061216,-0.571198664289053,-0.8975979010256552,0.0,0.0,0.0,0.4833214802856017,-0.571198667875591,-0.8975979381738789,-1.6600775832676507e-07,6.01061917928605e-07,-6.429775665547048e-07,-4.664205199844673e-07,-3.586538177557941e-09,-3.7148223608340913e-08,-1.6600775820663216e-07,6.010619180152332e-07,-6.429775667449178e-07,-0.17211866127937622,-0.3423518745767763,0.48692437918125153,1.5707963267948961,1.4687965653147081,0.48332194670612094
-4.349897520355098,2.8559933214452666,2.6927937030769655,3.141592653589793,0.0,0.0,-4.349897795745892,2.8559928584979923,2.6927937017485033,3.1415920384007716,-4.1713860812968807e-07,-2.540232879558918e-07,-2.7539079372473907e-07,-4.6294727429341265e-07,-1.3284622291109827e-09,-6.151890215022604e-07,-4.171386080997763e-07,-2.540232877379367e-07,0.1616152510492766,0.2031475533347748,0.2894577072834519,-1.5707963267948966,-0.7343982826573546,-1.208304866765305
5.316541413767341,3.9983906500233726,4.487989505128276,-6.283185307179586,6.283185307179586,0.0,5.3165411356079,3.998390973275142,4.487989389663288,-6.28318577393748,6.283185570442972,-2.4802117432465316e-07,-2.781594412581967e-07,3.232517693518844e-07,-1.1546498779324565e-07,-4.66757893669012e-07,2.632633862020839e-07,-2.48021174265034e-07,0.017647263711343383,-0.4183914152026912,0.2143918818058605,-1.5707963267948961,-0.9383978056177311,2.1749487601775477
-3.3832536269428544,-6.283185307179586,-2.6927937030769655,3.141592653589793,6.283185307179586,0.0,-3.3832539105044606,-6.283185214011757,-2.6927937155306005,3.1415921773644797,6.283185345542928,-1.1956956065817723e-07,-2.835616061958035e-07,9.316782900725684e-08,-1.2453635012121822e-08,-4.7622531340607566e-07,3.8363341836600284e-08,-1.195695604749858e-07,0.0674153987091311,0.2132119920671563,0.16745632030439198,1.5707963267948963,-0.4487989505128279,2.8999316802367323
0.4833219467061216,-1.7135959928671598,6.283185307179586,6.283185307179586,6.283185307179586,0.0,0.48332226375384096,-1.7135960005540822,6.283185454507206,6.283186052810987,6.283184883145574,2.159854223500376e-07,3.1704771918938945e-07,-7.686922209870772e-09,1.473276194374762e-07,7.456314010667597e-07,-4.2403401234736293e-07,2.159854224359492e-07,0.08645521538752057,-0.20664183512716366,0.6160975150257411,-1.570796326794898,1.4279966607226329,-2.658270706883673
-4.349897520355098,-1.7135959928671598,6.283185307179586,6.283185307179586,6.283185307179586,0.0,-4.349897492704832,-1.713596457171751,6.283185300510627,6.283185109658429,6.283185695222643,-1.74043810360258e-08,2.765026607676191e-08,-4.6430459121893364e-07,-6.668959606770386e-09,-1.975211576521474e-07,3.8804305635409264e-07,-1.7404381047469997e-08,0.21555620814421295,0.06091693871915434,0.6160975150257411,-1.570796326794898,1.4279966607226329,-1.208304866765306
6.283185307179586,-2.8559933214452666,-4.487989505128276,0.0,6.283185307179586,0.0,6.283184720166438,-2.8559933323925133,-4.48798928871868,-5.988161607930745e-07,6.283185134638977,1.4905080093028524e-07,-5.870131483121099e-07,-1.0947246664727572e-08,2.1640959602109433e-07,-5.988161606573783e-07,-1.725406093555648e-07,1.49050801034889e-07,0.05511655317605871,-0.22315000000000002,0.36486937818743276,1.570796326794897,1.060797519393956,1.4732477590984567e-16
1.4499658401183657,6.283185307179586,-2.6927937030769655,-6.283185307179586,6.283185307179586,0.0,1.4499656996615091,6.283185235693325,-2.692794072985701,-6.283185418749705,6.283184989101066,-7.473475711851031e-07,-1.4045685681196574e-07,-7.148626135489167e-08,-3.699087356423547e-07,-1.1157011847728882e-07,-3.180785199674574e-07,-7.473475713837274e-07,0.21085604177370704,-0.11474794348702155,0.32125170605533493,-1.5707963267948968,0.44879895051282775,-1.6916268134714278
-1.4499658401183666,3.9983906500233726,-6.283185307179586,0.0,6.283185307179586,0.0,-1.449966022034119,3.998390521913549,-6.283184499151665,3.4291237680685424e-07,6.2831844286842475,-7.237466037435702e-07,-1.8191575268389215e-07,-1.2810982363831158e-07,8.0802792101764e-07,3.429123767162423e-07,-8.784953386964389e-07,-7.237466035370232e-07,-0.1932445480111393,-0.2597916439372965,0.5529309817285374,-1.5707963267948968,0.8567979964335796,1.6916268134714263
-3.3832536269428544,6.283185307179586,-0.8975979010256552,6.283185307179586,-6.283185307179586,0.0,-3.3832538267845824,6.2831849641042155,-0.897598182174093,6.283185635413441,-6.283185492389213,-7.091626532923577e-07,-1.998417280546505e-07,-3.430753707789336e-07,-2.8114843786397614e-07,3.282338552068609e-07,-1.852096271903747e-07,-7.091626534894147e-07,0.4837318333859381,0.11059920690292502,0.26532161747354116,1.5707963267948961,0.8975979010256556,2.8999316802367314
-6.283185307179586,6.283185307179586,-2.6927937030769655,6.283185307179586,6.283185307179586,0.0,-6.283185266530266,6.283185263802198,-2.6927936941914177,6.283185511473235,6.28318425392912,2.0491382830675723e-07,4.064932035419133e-08,-4.337738790383128e-08,8.885547853054732e-09,2.0429364866458855e-07,-1.053250466398481e-06,2.0491382812792835e-07,-0.08849541449688775,-0.22315000000000002,0.32125170605533493,-1.5707963267948968,0.44879895051282725,-3.141592653589793
1.4499658401183657,-6.283185307179586,-2.6927937030769655,0.0,0.0,0.0,1.4499659766676352,-6.283184967897727,-2.6927937195791323,-1.301942299203452e-07,1.1991603058218843e-07,-1.798710107984352e-07,1.365492696692172e-07,3.392818594960545e-07,-1.650216674420335e-08,-1.3019423006355169e-07,1.1991603043881582e-07,-1.7987101097460823e-07,0.21085604177370704,-0.11474794348702162,0.3212517060553349,-1.5707963267948966,0.448798950512828,-1.6916268134714274
-6.283185307179586,6.283185307179586,4.487989505128276,6.283185307179586,-6.283185307179586,0.0,-6.283185543048554,6.2831847305437645,4.4879896625405795,6.283184866214322,-6.283184944975039,-6.078972915607707e-08,-2.3586896791272238e-07,-5.766358217584866e-07,1.574123036363062e-07,-4.4096526430337235e-07,3.6220454724400497e-07,-6.078972925038784e-08,-0.2793186341852323,-0.22315000000000007,0.37869679259033634,-1.5707963267948952,1.346396851538482,-3.141592653589792
-0.4833219467061225,6.283185307179586,-0.8975979010256552,-3.141592653589793,6.283185307179586,0.0,-0.48332205393451844,6.2831852988972,-0.8975985643853206,-3.1415929291811477,6.2831846109760505,-2.4065130353159157e-08,-1.0722839594023981e-07,-8.282386332325586e-09,-6.633596654204155e-07,-2.755913546259592e-07,-6.962035357105378e-07,-2.4065130332928675e-08,-0.377971836422753,-0.053642109668145435,0.37175132665082694,-1.5707963267948961,-0.8975979010256553,2.65827070688367
-5.316541413767342,-0.571198664289053,-4.487989505128276,-3.141592653589793,-6.283185307179586,0.0,-5.316541567671298,-0.571198530494401,-4.487989864533465,-3.141592459525147,-6.283185104506254,-1.389862903287014e-07,-1.5390395624592657e-07,1.3379465180207717e-07,-3.594051891653294e-07,1.940646461306983e-07,2.0267333233903173e-07,-1.3898629047659483e-07,-0.019502705443833743,-0.4210794866218946,0.11202538903844236,-1.5707963267948957,1.2239971377622576,-2.174948760177548
-3.3832536269428544,-2.8559933214452666,2.6927937030769655,6.283185307179586,6.283185307179586,0.0,-3.383254074301038,-2.8559938420894175,2.692793868320483,6.283186111970461,6.283184932548426,-3.6619736931890936e-07,-4.4735818383045967e-07,-5.206441509031379e-07,1.6524351753588462e-07,8.047908748309851e-07,-3.746311598717966e-07,-3.6619736931697844e-07,0.04422781635738686,0.21892721781409225,0.17088996686545965,1.5707963267948966,0.16319961836830135,2.8999316802367323
-2.4166097335306103,-1.7135959928671598,6.283185307179586,3.141592653589793,6.283185307179586,0.0,-2.416610243529927,-1.7135962378394527,6.283184727170969,3.141592571450581,6.2831853013405,1.5031629851624305e-07,-5.099993165558203e-07,-2.449722931174847e-07,-5.800086171348084e-07,-8.213921232069765e-08,-5.839086547609895e-09,1.503162985194706e-07,-0.25986587435206604,0.06790423616197824,0.5918043721324913,1.5707963267948946,-1.427996660722633,-2.416609733530608
4.349897520355098,-1.7135959928671598,2.6927937030769655,6.283185307179586,6.283185307179586,0.0,4.349897751326685,-1.7135964300207547,2.692794166390763,6.283184678741349,6.28318515699037,-2.8684635008357605e-07,2.3097158674545426e-07,-4.371535951008809e-07,4.6331379754960267e-07,-6.284382374488473e-07,-1.5018921661891227e-07,-2.8684635022813154e-07,-0.20389941742785567,0.09165336976013772,0.16835557972299212,1.5707963267948961,-0.9791977102098054,-1.933287786824488
-5.316541413767342,-2.8559933214452666,2.6927937030769655,-3.141592653589793,-6.283185307179586,0.0,-5.316541558199586,-2.855992919141147,2.6927932964132872,-3.14159267442556,-6.283186001585328,-2.2227899705371323e-07,-1.444322439425605e-07,4.023041197953603e-07,-4.066636782873445e-07,-2.08357668896042e-08,-6.944057417967997e-07,-2.22278996986347e-07,0.20477219675725775,-0.09616119676412158,0.3393217860733526,-1.5707963267948966,-0.163199618368301,-2.1749487601775486
-5.316541413767342,-6.283185307179586,-0.8975979010256552,3.141592653589793,0.0,0.0,-5.316541575232218,-6.2831853153806865,-0.8975982795291186,3.1415927584431245,-8.954617915136856e-07,-3.639286405201387e-08,-1.6146487613610816e-07,-8.201100243354631e-09,-3.7850346323864414e-07,1.04853331350796e-07,-8.954617913836671e-07,-3.6392863833611955e-08,0.007691527900502607,-0.38168183799729516,0.3717513266508268,-1.5707963267948966,-0.8975979010256551,-2.174948760177549
6.283185307179586,-1.7135959928671598,-4.487989505128276,-6.283185307179586,0.0,0.0,6.283184607068562,-1.713596177498374,-4.487989650152239,-6.283185470648285,-5.454111284708095e-07,6.793071259227563e-08,-7.001110242654818e-07,-1.846312143172213e-07,-1.4502396350479785e-07,-1.634686990215073e-07,-5.454111282610086e-07,6.793071261057548e-08,-0.17087299837556164,-0.22314999999999996,0.2904772280019879,1.5707963267948966,-0.08159980918415105,-2.39921693071602e-16
-3.3832536269428544,5.14078797860148,4.487989505128276,0.0,6.283185307179586,0.0,-3.3832534020701783,5.140788120196411,4.487989588836626,8.359352580760862e-07,6.283185711573324,-1.4026807142316224e-07,2.2487267603565897e-07,1.4159493044729743e-07,8.370835047344372e-08,8.359352579034862e-07,4.043937380515672e-07,-1.40268071380234e-07,-0.034286296898923596,0.23827920866735827,0.5001627298469625,-1.5707963267948966,0.20399952296037646,-0.24166097335306136
3.383253626942853,-6.283185307179586,4.487989505128276,0.0,-6.283185307179586,0.0,3.383253523707199,-6.283185175735028,4.487989423840411,2.0545742496945098e-07,-6.283185764704584,2.8829098332802316e-07,-1.0323565424741332e-07,1.3144455834890323e-07,-8.128786443961644e-08,2.0545742485111873e-07,-4.5752499744367015e-07,2.8829098353000404e-07,0.217798851831004,0.28351099104655547,0.3786967925903362,-1.5707963267948952,1.346396851538483,0.24166097335306114
0.4833219467061216,3.9983906500233726,6.283185307179586,-6.283185307179586,-6.283185307179586,0.0,0.4833216799494857,3.9983904810945363,6.2831853361669925,-6.283185525399857,-6.2831855941775085,6.526768494921421e-07,-2.6675663589159626e-07,-1.6892883625274635e-07,2.8987406253122572e-08,-2.1822027118645337e-07,-2.8699792231634547e-07,6.526768494552471e-07,0.31143486791439423,-0.08856340464783699,0.5529309817285374,-1.5707963267948963,0.8567979964335793,-2.658270706883671
-3.3832536269428544,5.14078797860148,-6.283185307179586,0.0,6.283185307179586,0.0,-3.3832537819813115,5.140788012816786,-6.28318517395389,2.9843337083973016e-08,6.283185223019128,-1.8883305801061764e-07,-1.5503845718356501e-07,3.421530614389212e-08,1.3322569625273673e-07,2.9843337134849435e-08,-8.416045815806683e-08,-1.8883305807904094e-07,0.31301167270179503,0.15267794728482842,0.531868742518465,1.570796326794897,1.142397328578106,2.8999316802367328
4.349897520355098,-1.7135959928671598,2.6927937030769655,-3.141592653589793,6.283185307179586,0.0,4.349897053519187,-1.713596030178817,2.6927938926803288,-3.141593126027182,6.283185240882072,2.959545184793983e-07,-4.6683591126139845e-07,-3.7311656875260724e-08,1.896033632320382e-07,-4.724373887654565e-07,-6.629751414521934e-08,2.959545186698165e-07,-0.1536556031773751,0.22413541988211763,0.2635530351776439,-1.5707963267948968,0.9791977102098057,1.2083048667653045
-2.4166097335306103,3.9983906500233726,6.283185307179586,-6.283185307179586,6.283185307179586,0.0,-2.416609822803098,3.998390329482459,6.283185808552594,-6.283185291465012,6.283185264918765,-1.0318806808700838e-07,-8.927248762446993e-08,-3.205409133677506e-07,5.013730079994616e-07,1.5714574530534264e-08,-4.226082150893262e-08,-1.0318806786813184e-07,-0.3235797466775092,0.011458670768968504,0.5529309817285374,-1.5707963267948968,0.8567979964335793,0.7249829200591827
-2.4166097335306103,5.14078797860148,0.8975979010256552,3.141592653589793,6.283185307179586,0.0,-2.4166095451878884,5.140788045261871,0.897598195130741,3.141592960611458,6.2831852760048985,-4.536467286211659e-07,1.883427218629663e-07,6.666039098490728e-08,2.94105086062757e-07,3.0702166498031147e-07,-3.117468772018128e-08,-4.536467286264667e-07,0.0670955669275867,0.3575667969379838,0.5078677661251122,-1.5707963267948966,-0.24479942755245113,0.7249829200591827
-3.3832536269428544,6.283185307179586,4.487989505128276,0.0,6.283185307179586,0.0,-3.38325319967816,6.283184935219351,4.487989598271077,-3.1087783509418236e-07,6.283185233116206,-3.857301614852377e-08,4.2726469429155145e-07,-3.7196023505714493e-07,9.314280102756811e-08,-3.1087783503025435e-07,-7.406338031756832e-08,-3.857301633658494e-08,0.32460543280254056,0.14982034207069125,0.37869679259033634,-1.5707963267948974,1.3463968515384823,-0.24166097335306194
2.41660973353061,-2.8559933214452666,0.8975979010256552,6.283185307179586,6.283185307179586,0.0,2.416609593717947,-2.855992337666187,0.897597217960037,6.283185465357605,6.283185228731355,-1.607660043023768e-07,-1.3981266278051407e-07,9.837790795330648e-07,-6.83065618289902e-07,1.5817801912731966e-07,-7.844823102232112e-08,-1.6076600450887213e-07,-0.028110094733274263,0.3230286823986379,0.4501100734981429,-1.570796326794897,1.1831972331701817,-0.724982920059184
-4.349897520355098,-1.7135959928671598,-2.6927937030769655,-6.283185307179586,-6.283185307179586,0.0,-4.349897552803254,-1.7135962973450378,-2.6927937601720724,-6.283184762401598,-6.283185017023479,-3.6775587852465383e-07,-3.244815616199048e-08,-3.0447787802145854e-07,-5.709510686457975e-08,5.447779880540793e-07,2.9015610714111517e-07,-3.6775587863857595e-07,0.14472366592151403,0.24768700283555642,0.21533628237667682,-1.5707963267948972,-1.2647970423543318,-1.208304866765304
-2.4166097335306103,2.8559933214452666,0.8975979010256552,3.141592653589793,6.283185307179586,0.0,-2.416609295430252,2.8559936057196342,0.8975979138875426,3.1415918426512897,6.283185684753267,-3.6545185537056917e-07,4.381003582132337e-07,2.84274367601256e-07,1.2861887555004614e-08,-8.109385034593686e-07,3.775736807654084e-07,-3.6545185544412107e-07,-0.49021213615917447,-0.13616474456886818,0.13585928177684084,1.5707963267948963,-0.6119985688811282,-2.41660973353061
-3.3832536269428544,-6.283185307179586,-0.8975979010256552,-3.141592653589793,6.283185307179586,0.0,-3.3832532912905533,-6.28318515962248,-0.8975974409837154,-3.141592652003538,6.283185733491743,8.152161769065062e-07,3.3565230106447075e-07,1.4755710608937989e-07,4.6004193965387685e-07,1.5862551272505243e-09,4.263121571312922e-07,8.152161767860377e-07,0.35415126468315206,0.1425379485672561,0.37175132665082683,-1.5707963267948961,-0.8975979010256547,-0.2416609733530616
2.41660973353061,-1.7135959928671598,4.487989505128276,-3.141592653589793,6.283185307179586,0.0,2.416610167768086,-1.713596169794012,4.487989897930169,-3.1415927804724424,6.2831857176034065,-2.6292199846945427e-08,4.3423747619897313e-07,-1.769268522799905e-07,3.92801893234207e-07,-1.268826492761832e-07,4.1042382026290625e-07,-2.62921999727439e-08,-0.003977283439069945,0.30164887721168804,0.23672136449205392,1.5707963267948966,0.36719914132867704,2.4166097335306103
2.41660973353061,-2.8559933214452666,-4.487989505128276,0.0,6.283185307179586,0.0,2.4166102564689838,-2.8559928336522384,-4.487989655683304,3.0736046535637377e-07,6.283185264752107,-2.70819987385228e-07,5.229383739369098e-07,4.877930281921294e-07,-1.505550280000989e-07,3.073604655234874e-07,-4.2427479307605154e-08,-2.708199873246997e-07,0.10672048873200948,0.20357920870955942,0.36486937818743276,1.570796326794897,1.060797519393956,2.4166097335306103
2.41660973353061,-1.7135959928671598,0.8975979010256552,-3.141592653589793,-6.283185307179586,0.0,2.4166094961466005,-1.7135967267774983,0.8975983508450148,-3.1415928918997382,-6.283184824121502,2.5560983178298018e-08,-2.3738400933837056e-07,-7.33910338723831e-07,4.4981935953813945e-07,-2.3830994511087056e-07,4.830580841996834e-07,2.556098310790844e-08,0.18483373198883069,0.13437691383425243,0.6066948259769498,-1.5707963267948968,-0.8159980918415045,-0.7249829200591831
-3.3832536269428544,5.14078797860148,4.487989505128276,-6.283185307179586,-6.283185307179586,0.0,-3.3832529697112683,5.140788287926481,4.487990143908752,-6.283184983939107,-6.283185418100164,-1.056112983442669e-08,6.572315860431388e-07,3.093250002805803e-07,6.387804765140004e-07,3.2324047882781315e-07,-1.1092057761175056e-07,-1.0561129748509757e-08,-0.034286296898923624,0.2382792086673583,0.5001627298469625,-1.5707963267948966,0.2039995229603767,-0.2416609733530608
-5.316541413767342,3.9983906500233726,2.6927937030769655,-3.141592653589793,6.283185307179586,0.0,-5.316541980690572,3.998390389077354,2.692793802902924,-3.1415929053983844,6.283185200112591,-3.557451025276481e-07,-5.669232301386273e-07,-2.609460185709622e-07,9.982595861046661e-08,-2.518085913116863e-07,-1.0706699526963348e-07,-3.557451027091929e-07,0.14384279462058325,-0.18443267498130606,0.32966489739730676,-1.5707963267948966,0.40799904592075165,-2.174948760177549
6.283185307179586,-0.571198664289053,0.8975979010256552,-3.141592653589793,6.283185307179586,0.0,6.283185430872484,-0.5711988019883988,0.8975990031090234,-3.1415924821974355,6.283185517674982,-2.799112212547364e-07,1.2369289770219893e-07,-1.3769934570362352e-07,1.1020833681207876e-06,1.7139235763963256e-07,2.1049539533635198e-07,-2.799112213125454e-07,-0.4341971309234455,-0.2231499999999999,0.29600758102988195,-1.5707963267948966,0.3263992367366022,3.1415926535897927
2.41660973353061,5.14078797860148,-0.8975979010256552,3.141592653589793,-6.283185307179586,0.0,2.4166100343563186,5.140788262576807,-0.8975983851956022,3.141593016827272,-6.28318469838967,-3.458401814956809e-07,3.008257087877553e-07,2.839753268091272e-07,-4.841699468016714e-07,3.6323747876210177e-07,6.087899162565691e-07,-3.458401813816181e-07,0.09456582276918576,0.21434730311968017,0.5249576484481902,1.570796326794897,-1.1015974239860318,2.4166097335306094
6.283185307179586,-2.8559933214452666,-0.8975979010256552,6.283185307179586,-6.283185307179586,0.0,6.2831850337218675,-2.855992932174263,-0.8975977961831679,6.28318525877278,-6.2831851569072175,4.3795712294342654e-07,-2.7345771869136115e-07,3.8927100343144616e-07,1.0484248713638067e-07,-4.840680656315044e-08,1.5027236877074301e-07,4.3795712301175627e-07,0.4572229801762441,-0.22315000000000013,0.1678407182231592,-1.5707963267948968,-0.6119985688811287,-3.141592653589793
5.316541413767341,2.8559933214452666,0.8975979010256552,0.0,6.283185307179586,0.0,5.3165411900816935,2.8559935973602006,0.8975980394985476,-2.9478045910765606e-07,6.2831853857157345,6.711540290312158e-07,-2.2368564778219024e-07,2.759149340114675e-07,1.3847289226376347e-07,-2.94780459153543e-07,7.853614825137356e-08,6.711540292414497e-07,0.02037448569119847,-0.42234247835358507,0.27557748212180677,-1.5707963267948968,0.6119985688811284,2.1749487601775477
1.4499658401183657,6.283185307179586,-0.8975979010256552,-6.283185307179586,6.283185307179586,0.0,1.4499653318965113,6.28318521913136,-0.8975978776507636,-6.2831849036786664,6.283185199301144,2.156505350864902e-07,-5.082218543783767e-07,-8.804822648755817e-08,2.337489135584292e-08,4.0350091978780256e-07,-1.0787844217929887e-07,2.1565053520689048e-07,0.1681002434909023,-0.4668736224469919,0.26532161747354116,1.5707963267948968,0.8975979010256552,1.449965840118366
2.41660973353061,-1.7135959928671598,-0.8975979010256552,-3.141592653589793,0.0,0.0,2.4166101161592364,-1.7135967148022213,-0.8975979636391139,-3.1415925563758447,-3.600263824289744e-07,-1.1803319516808329e-07,3.826286265606882e-07,-7.219350615095266e-07,-6.261345886215963e-08,9.721394844675046e-08,-3.6002638248433527e-07,-1.1803319521774824e-07,-0.047943038967712126,0.3405991377776909,0.4271506917551522,1.5707963267948966,-0.5303987596969785,2.41660973353061
2.41660973353061,-0.571198664289053,0.8975979010256552,6.283185307179586,-6.283185307179586,0.0,2.416609425888894,-0.5711987147185367,0.8975972752120437,6.283185687337142,-6.283185469249427,2.391327503675763e-07,-3.076417156577804e-07,-5.0429483700042965e-08,-6.258136115988577e-07,3.8015755610132373e-07,-1.620698411031185e-07,2.391327504902563e-07,0.4320093238768965,-0.08460155233413019,0.1343200271730529,1.5707963267948966,-0.32639923673660187,2.41660973353061
1.4499658401183657,6.283185307179586,-2.6927937030769655,0.0,6.283185307179586,0.0,1.4499658841998997,6.2831853359836,-2.69279330614389,3.608403670631509e-07,6.283185375999986,-5.515318406621513e-07,4.40815339786127e-08,2.880401339666605e-08,3.9693307574140135e-07,3.6084036691974575e-07,6.882040004541068e-08,-5.51531840642383e-07,0.21085604177370706,-0.11474794348702153,0.32125170605533493,-1.5707963267948968,0.4487989505128275,-1.6916268134714278
4.349897520355098,-2.8559933214452666,0.8975979010256552,3.141592653589793,0.0,0.0,4.349897990154157,-2.855992863596848,0.8975980674108941,3.1415926430736745,2.3762709198336764e-08,-1.9370434740365311e-07,4.6979905921062937e-07,4.5784841873341975e-07,1.6638523891998602e-07,-1.0516118642556194e-08,2.376270913373446e-08,-1.9370434722887353e-07,-0.3481098995157157,-0.2885984204569239,0.3855911575642285,1.5707963267948966,-1.1831972331701817,-1.9332877868244882
-0.4833219467061225,5.14078797860148,-2.6927937030769655,-6.283185307179586,-6.283185307179586,0.0,-0.4833217725284106,5.140788067334718,-2.692793775326077,-6.283184975662881,-6.283185084660564,4.11949393416559e-07,1.7417771180916475e-07,8.873323764646557e-08,-7.224911158232317e-08,3.315167056427981e-07,2.2251902187520045e-07,4.11949393264166e-07,0.00018836604992639172,-0.2521158946358094,0.302720272392048,-1.5707963267948968,-0.6935983780652782,2.658270706883671
0.4833219467061216,6.283185307179586,6.283185307179586,3.141592653589793,6.283185307179586,0.0,0.4833220922760044,6.2831855713220115,6.283185058225413,3.1415922889246657,6.283185775262706,-1.1976185347588086e-08,1.4556988281455574e-07,2.641424252658453e-07,-2.4895417283232746e-07,-3.6466512742805435e-07,4.680831198200508e-07,-1.1976185376738613e-08,-0.30072906387553683,-0.409851820955505,0.2372000000000002,-1.5707963267948966,-6.123233995736766e-16,-2.658270706883672
-2.4166097335306103,-1.7135959928671598,6.283185307179586,3.141592653589793,-6.283185307179586,0.0,-2.416609948066332,-1.7135958954225117,6.283184805675177,3.1415925247109193,-6.283185790679486,2.0736699911139632e-07,-2.145357216321031e-07,9.744464790628626e-08,-5.015044095557641e-07,-1.288788737952018e-07,-4.834998996727791e-07,2.073669991276006e-07,-0.25986587435206604,0.06790423616197824,0.5918043721324913,1.570796326794898,-1.427996660722633,-2.4166097335306116
-2.4166097335306103,5.14078797860148,2.6927937030769655,6.283185307179586,-6.283185307179586,0.0,-2.4166093006009306,5.1407882855961775,2.6927938430234186,6.283185413025141,-6.2831850751844325,2.9223675120765483e-07,4.329296796612425e-07,3.069946972189541e-07,1.399464530926764e-07,1.0584555454329347e-07,2.3199515375438295e-07,2.922367512425694e-07,-0.13286260061168054,0.1804193185355935,0.15849421821229764,1.5707963267949057,-1.5503963744988591,-2.416609733530621
4.349897520355098,5.14078797860148,-2.6927937030769655,-3.141592653589793,0.0,0.0,4.349897172822971,5.140787960329909,-2.692793989998788,-3.1415919519330413,-1.8595628313257897e-07,-1.0826120411764327e-07,-3.4753212663218847e-07,-1.8271570922934188e-08,-2.8692182230116714e-07,7.016567518114414e-07,-1.859562832606798e-07,-1.0826120400153627e-07,-0.2115569761275985,0.0714620468957192,0.17146041771661885,1.5707963267948966,0.6935983780652784,-1.9332877868244884
-6.283185307179586,-6.283185307179586,-0.8975979010256552,-6.283185307179586,6.283185307179586,0.0,-6.283185499855779,-6.2831857480092275,-0.8975982310942703,-6.28318490940878,6.283185105889626,-2.770303129969604e-07,-1.9267619233431788e-07,-4.40829641235041e-07,-3.3006861510642693e-07,3.9777080651504093e-07,-2.0128995981139042e-07,-2.77030312911819e-07,-0.44320734278492824,-0.22315000000000013,0.26532161747354094,1.5707963267948968,0.8975979010256546,5.609826266482005e-16
-6.283185307179586,6.283185307179586,-6.283185307179586,3.141592653589793,6.283185307179586,0.0,-6.283185162215356,6.283185399782226,-6.283184915596495,3.141593000025246,6.2831850209829305,-1.9002634451979271e-07,1.4496422995335934e-07,9.260263933441593e-08,3.915830912859519e-07,3.4643545276935583e-07,-2.861966557077267e-07,-1.9002634443765487e-07,-0.45674999999999993,-0.22315000000000013,0.23720000000000008,-1.5707963267948966,-1.2246467991473532e-16,3.141592653589793
6.283185307179586,2.8559933214452666,-4.487989505128276,-6.283185307179586,0.0,0.0,6.283185473477793,2.855992952385252,-4.487989059543009,-6.283185286288848,3.6664217385842094e-07,6.168514721313755e-07,1.6629820720481803e-07,-3.6906001454894977e-07,4.455852664619897e-07,2.089073802835628e-08,3.6664217395454557e-07,6.168514721238694e-07,0.16153396583397372,-0.22315000000000002,0.30125504609723985,-1.5707963267948957,1.5095964699067843,-3.1415926535897927
5.316541413767341,-6.283185307179586,-0.8975979010256552,-6.283185307179586,0.0,0.0,5.316541647803853,-6.283185628557214,-0.8975975185437678,-6.2831856001875845,-4.169780627066141e-07,5.705992040506724e-07,2.3403651194797703e-07,-3.213776276211888e-07,3.8248188749534506e-07,-2.9300799830878077e-07,-4.1697806274498816e-07,5.705992038862462e-07,-0.43541931660267796,0.23798884412453836,0.26532161747354094,1.5707963267948966,0.8975979010256546,-0.9666438934122453
0.4833219467061216,2.8559933214452666,0.8975979010256552,-6.283185307179586,-6.283185307179586,0.0,0.48332199656774727,2.8559937048479207,0.8975976502914019,-6.2831856886666655,-6.283185354340353,5.612649922768516e-07,4.986162549514006e-08,3.834026540694424e-07,-2.507342533597523e-07,-3.8148707925955705e-07,-4.716076684729842e-08,5.612649922603907e-07,0.42171899903729587,-0.030681827520709873,0.27557748212180677,-1.5707963267948963,0.6119985688811287,-2.6582707068836715
-5.316541413767342,3.9983906500233726,2.6927937030769655,6.283185307179586,6.283185307179586,0.0,-5.31654106033793,3.998390933463366,2.6927934647883767,6.283185271338434,6.283185587610921,-3.532855033856851e-07,3.5342941195892763e-07,2.834399932538645e-07,-2.3828858886076887e-07,-3.584115226828999e-08,2.8043133504240814e-07,-3.532855035182081e-07,0.18231737788761432,-0.12869261813399385,0.17297653629448997,1.5707963267948963,-0.4079990459207513,0.9666438934122448
-6.283185307179586,-6.283185307179586,-2.6927937030769655,-3.141592653589793,0.0,0.0,-6.283185398657397,-6.283184645657546,-2.6927936519763844,-3.141592920625773,2.1305644836934904e-07,-2.133313818163937e-07,-9.147781110385722e-08,6.615220398131783e-07,5.110058109991655e-08,-2.670359799950006e-07,2.1305644848368388e-07,-2.13331381893056e-07,-0.014431460229520595,-0.22315000000000002,0.16745632030439195,1.5707963267948966,-0.4487989505128281,2.74417300603133e-16
-4.349897520355098,-1.7135959928671598,4.487989505128276,-6.283185307179586,6.283185307179586,0.0,-4.349897423082013,-1.7135955289117621,4.487989168589884,-6.283185673650778,6.283184735626959,-1.4839954457428216e-08,9.727308469820173e-08,4.639553976559796e-07,-3.3653839182079537e-07,-3.6647119205923673e-07,-5.715526274485683e-07,-1.4839954598500071e-08,0.11493070158546045,0.32624459352272556,0.39604190863313243,-1.5707963267948966,-0.3671991413286769,-1.2083048667653051
-1.4499658401183666,-0.571198664289053,0.8975979010256552,-3.141592653589793,-6.283185307179586,0.0,-1.4499656522075217,-0.5711988550039384,0.8975985587713837,-3.1415929891755625,-6.283185482332619,-6.976542202744735e-07,1.8791084510638711e-07,-1.9071488566169137e-07,6.577457285494859e-07,-3.3558576939540785e-07,-1.7515303252224612e-07,-6.976542201719838e-07,-0.27385966599287853,0.4041335847766437,0.29600758102988195,-1.5707963267948966,0.3263992367366022,1.691626813471427
-1.4499658401183666,3.9983906500233726,0.8975979010256552,-3.141592653589793,0.0,0.0,-1.4499660472623785,3.998391054216794,0.8975980262844178,-3.14159249684486,-2.2332555468770514e-07,7.663802024023899e-08,-2.0714401216537226e-07,4.041934213994125e-07,1.252587624733792e-07,1.5674493303308168e-07,-2.2332555449366964e-07,7.663802037427558e-08,-0.19687528818674016,-0.22988980837795764,0.561111867361073,-1.5707963267948963,-1.3871967561305587,1.6916268134714263
-6.283185307179586,3.9983906500233726,2.6927937030769655,-3.141592653589793,0.0,0.0,-6.283185056622848,3.998390714532649,2.6927935451487923,-3.1415928390167345,-2.669066170011487e-09,7.375807450590517e-08,2.5055673802398815e-07,6.450927658718797e-08,-1.5792817320559038e-07,-1.854269413570364e-07,-2.669066301308476e-09,7.375807431486692e-08,-0.07007309515798012,-0.22315000000000002,0.32966489739730676,-1.5707963267948966,0.40799904592075165,-3.141592653589793
-2.4166097335306103,-1.7135959928671598,4.487989505128276,0.0,-6.283185307179586,0.0,-2.4166098013683794,-1.7135961709434675,4.487989044569011,-8.186186028583105e-09,-6.283185188769717,-1.4227940704153957e-07,-6.783776917984596e-08,-1.7807630747768144e-07,-4.605592645035017e-07,-8.186185951331026e-09,1.1840986946509702e-07,-1.4227940692279617e-07,-0.3457989824854809,-0.008225854468728144,0.3960419086331324,-1.5707963267948966,-0.3671991413286772,0.7249829200591832
3.383253626942853,-1.7135959928671598,-0.8975979010256552,-3.141592653589793,6.283185307179586,0.0,3.3832539753582975,-1.7135951596412455,-0.8975986183672134,-3.141592343214066,6.2831847868350525,-5.56084554280537e-08,3.484154444954868e-07,8.33225914043112e-07,-7.17341558154061e-07,3.10375726897405e-07,-5.203445336832146e-07,-5.5608455618028074e-08,-0.3075423454170454,0.15402601538619637,0.4271506917551522,1.5707963267948963,-0.5303987596969785,-2.899931680236733
4.349897520355098,2.8559933214452666,-4.487989505128276,0.0,6.283185307179586,0.0,4.349897434479704,2.8559933361546266,-4.487988752260908,3.592944922264657e-08,6.283185547878109,2.3094093539045856e-07,-8.587539390703114e-08,1.4709359952291834e-08,7.528673675594177e-07,3.592944919361685e-08,2.406985224467917e-07,2.309409352641012e-07,-0.26592960826333945,-0.07190680125661444,0.3012550460972399,-1.5707963267948997,1.5095964699067839,1.2083048667653016
2.41660973353061,3.9983906500233726,2.6927937030769655,0.0,-6.283185307179586,0.0,2.416610249174174,3.998391074941897,2.6927936789529574,4.7406884603325584e-07,-6.2831852297182795,1.6908295785089913e-07,5.15643564291679e-07,4.2491852436654654e-07,-2.4124008124459806e-08,4.740688459570208e-07,7.746130670227558e-08,1.6908295785711402e-07,0.1497302355359562,0.16547589796808534,0.17297653629448997,1.5707963267948966,-0.40799904592075154,2.41660973353061
-3.3832536269428544,-0.571198664289053,-0.8975979010256552,3.141592653589793,0.0,0.0,-3.383253762689183,-0.5711990940880444,-0.897597937024759,3.141593422229412,-1.1569408398197214e-07,1.0180853090179495e-08,-1.3574632884427729e-07,-4.297989915080791e-07,-3.599910369800341e-08,7.686396190642597e-07,-1.156940840907339e-07,1.0180853049490679e-08,0.19097561181656555,0.1827571347846601,0.5043055630115963,-1.5707963267948961,-1.4687965653147081,-0.24166097335306158
-4.349897520355098,-1.7135959928671598,0.8975979010256552,-6.283185307179586,-6.283185307179586,0.0,-4.349897806402224,-1.7135964995693613,0.8975974361584135,-6.283184985492514,-6.2831852717911625,-6.133507770274909e-08,-2.8604712554169964e-07,-5.067022015303735e-07,-4.6486724158967263e-07,3.21687072535326e-07,3.53884237469515e-08,-6.133507790551107e-08,0.27020162021401667,-0.08317117100668589,0.48974113523193874,1.5707963267948963,0.8159980918415043,1.933287786824488
-3.3832536269428544,-1.7135959928671598,2.6927937030769655,6.283185307179586,6.283185307179586,0.0,-3.383253923314949,-1.713595784778427,2.6927934560790505,6.2831851610828835,6.283185192761689,1.7947421429271814e-07,-2.9637209442157086e-07,2.0808873291144891e-07,-2.4699791500992774e-07,-1.460967027355764e-07,-1.144178973788712e-07,1.7947421415698273e-07,0.0664077546191308,0.21346035402915636,0.16835557972299212,1.5707963267948961,-0.9791977102098054,2.8999316802367328
-5.316541413767342,2.8559933214452666,0.8975979010256552,6.283185307179586,0.0,0.0,-5.316541124063166,2.8559929304580502,0.8975976750128667,6.283184829755194,-7.251135220524983e-09,-1.5473808224421397e-07,2.897041762039976e-07,-3.90987216380978e-07,-2.2601278848455308e-07,-4.774243924643429e-07,-7.251135247798857e-09,-1.547380823474498e-07,0.3876721850395378,0.16881518188747033,0.27557748212180677,-1.5707963267948966,0.6119985688811281,-2.174948760177549
-3.3832536269428544,6.283185307179586,4.487989505128276,-3.141592653589793,-6.283185307179586,0.0,-3.3832533062649546,6.28318507747541,4.487990087320537,-3.141592689831531,-6.283185385811348,-2.2938428047396268e-07,3.206778997899562e-07,-2.2970417656864583e-07,5.821922615112385e-07,-3.624173805505393e-08,-7.86317615464327e-08,-2.2938428045904402e-07,0.1630211065920563,0.1896473014945134,0.3407124691639934,1.5707963267948974,-1.3463968515384825,2.8999316802367314
2.41660973353061,6.283185307179586,4.487989505128276,-6.283185307179586,6.283185307179586,0.0,2.4166097750815956,6.283185166076458,4.4879896211104775,-6.283185647379978,6.283185757373697,-7.951661599006248e-08,4.1550985763194603e-08,-1.4110312829274108e-07,1.1598220162056805e-07,-3.4020039141324787e-07,4.5019411043512036e-07,-7.95166159583971e-08,0.35704882103855173,-0.018192341742718415,0.37869679259033634,-1.5707963267948974,1.3463968515384825,-0.7249829200591841
-6.283185307179586,-0.571198664289053,-6.283185307179586,3.141592653589793,6.283185307179586,0.0,-6.283184769594897,-0.5711991672453379,-6.283185158824549,3.141592268105243,6.283185151302881,-4.093755904273452e-08,5.375846896527037e-07,-5.029562850644709e-07,1.483550375880327e-07,-3.8548455005837923e-07,-1.5587670532113407e-07,-4.0937559120379774e-08,-0.3380988573508068,-0.22315000000000007,0.47058868239998536,-1.5707963267948963,-0.571198664289053,3.141592653589793
5.316541413767341,3.9983906500233726,4.487989505128276,-6.283185307179586,-6.283185307179586,0.0,5.316541291168593,3.9983911928107787,4.487989958823803,-6.283185243827096,-6.283185068857027,2.6427440338072475e-07,-1.225987480424351e-07,5.42787406132561e-07,4.536955273692911e-07,6.335249036482082e-08,2.3832255902078714e-07,2.642744032499422e-07,0.01764726371134341,-0.4183914152026912,0.21439188180586047,-1.5707963267948968,-0.9383978056177311,2.1749487601775486
-1.4499658401183666,-6.283185307179586,-0.8975979010256552,-6.283185307179586,-6.283185307179586,0.0,-1.4499663778999243,-6.283185778171587,-0.8975976981352116,-6.2831858590132885,-6.283184753173251,1.594708487379342e-07,-5.377815579521439e-07,-4.7099200095601645e-07,2.0289044355692454e-07,-5.518337022891728e-07,5.540063350295554e-07,1.594708485264107e-07,-0.27494572701905884,0.4130781020490414,0.26532161747354094,1.5707963267948961,0.8975979010256546,-1.449965840118367
6.283185307179586,5.14078797860148,2.6927937030769655,6.283185307179586,6.283185307179586,0.0,6.283185331737292,5.140788319352269,2.6927936363275697,6.283185367751576,6.283185383792289,-4.789279566233853e-07,2.4557706090888587e-08,3.407507884745087e-07,-6.674939578843464e-08,6.05719900903523e-08,7.661270284842203e-08,-4.789279564043625e-07,-0.020191053517508377,-0.22315000000000002,0.1584942182122977,1.5707963267948817,-1.5503963744988591,1.4763448603189414e-14
-2.4166097335306103,3.9983906500233726,0.8975979010256552,6.283185307179586,-6.283185307179586,0.0,-2.4166096483801534,3.9983909628130614,0.8975977271172985,6.283185343347566,-6.283185096831735,-1.0982152827094849e-07,8.515045690771217e-08,3.1278968881665037e-07,-1.7390835660435755e-07,3.616797972227914e-08,2.103478511372714e-07,-1.0982152831573444e-07,-0.17541018676836168,0.14272544639964097,0.5299471989437942,1.570796326794895,1.387196756130559,-2.4166097335306116
2.41660973353061,5.14078797860148,2.6927937030769655,3.141592653589793,0.0,0.0,2.416609936798266,5.14078839607693,2.6927935519230997,3.141592436283849,-1.4484232248581737e-08,3.580544874340801e-07,2.0326765604039565e-07,4.174754497654476e-07,-1.5115386586828095e-07,-2.1730594390589886e-07,-1.4484232035982814e-08,3.580544873926783e-07,0.2908332409754516,0.040469543307945006,0.16197624854501055,-1.5707963267948937,1.5503963744988591,-0.7249829200591796
0.4833219467061216,2.8559933214452666,0.8975979010256552,-6.283185307179586,0.0,0.0,0.48332201621180093,2.8559937546085155,0.8975980948374892,-6.283185556794698,3.549415229128172e-08,1.3877217505096e-07,6.950567943420083e-08,4.3316324882525237e-07,1.9381183413713643e-07,-2.496151116915257e-07,3.5494152506032606e-08,1.3877217508451167e-07,0.4217189990372958,-0.030681827520709887,0.27557748212180677,-1.5707963267948966,0.6119985688811287,-2.6582707068836715
1.4499658401183657,-6.283185307179586,-2.6927937030769655,-3.141592653589793,6.283185307179586,0.0,1.4499659775292124,-6.283184648876599,-2.692793438301393,-3.1415926047867138,6.283185476239065,-2.5478519460711045e-07,1.374108467011581e-07,6.583029872331281e-07,2.6477557257820195e-07,4.8803079355508316e-08,1.6905947841650004e-07,-2.547851947198865e-07,0.2197834649476776,-0.0412239988350137,0.16745632030439198,1.5707963267948963,-0.4487989505128281,1.449965840118366
-1.4499658401183666,5.14078797860148,2.6927937030769655,3.141592653589793,0.0,0.0,-1.4499657457597508,5.140787950021193,2.6927936136042097,3.141592812049454,3.6514703574863726e-07,-3.387105249754281e-07,9.435861603179774e-08,-2.8580287469992527e-08,-8.947275587090076e-08,1.5845966094829578e-07,3.6514703571910445e-07,-3.387105249608169e-07,-0.24452807793171688,0.16256622372085455,0.16197624854501055,-1.5707963267948937,1.5503963744988591,1.6916268134714298
0.4833219467061216,5.14078797860148,-6.283185307179586,3.141592653589793,6.283185307179586,0.0,0.48332186831453294,5.140788752445508,-6.28318563360185,3.1415929975833925,6.283185207367822,3.912756805864297e-07,-7.839158877587238e-08,7.738440279680958e-07,-3.264222634413727e-07,3.439935993831966e-07,-9.981176418705218e-08,3.9127568074448504e-07,0.004440064670258259,-0.24968670680089422,0.6027800852378872,-1.570796326794896,-1.142397328578106,-2.6582707068836724
-3.3832536269428544,-1.7135959928671598,4.487989505128276,0.0,-6.283185307179586,0.0,-3.383253604271125,-1.713596072097494,4.487989563464176,4.887910173816771e-07,-6.283185225280049,-5.746440660767705e-07,2.2671729382750527e-08,-7.923033429335646e-08,5.833590055459581e-08,4.887910174389276e-07,8.189953693005236e-08,-5.746440661091867e-07,-0.20320595691645857,0.27991416549256853,0.3960419086331324,-1.5707963267948966,-0.3671991413286772,-0.24166097335306086
-2.4166097335306103,-2.8559933214452666,-2.6927937030769655,3.141592653589793,6.283185307179586,0.0,-2.4166093790188308,-2.855993305508349,-2.692793380817064,3.141592918712081,6.283185806354973,-9.015304447124906e-08,3.5451177948786494e-07,1.5936917563408315e-08,3.222599014307548e-07,2.651222876792758e-07,4.991753863592407e-07,-9.015304458515061e-08,-0.16163142164155098,0.15493236711586514,0.14094165751337695,-1.5707963267948968,0.7343982826573543,0.7249829200591826
3.383253626942853,-2.8559933214452666,-4.487989505128276,0.0,6.283185307179586,0.0,3.3832538121117177,-2.8559931673507766,-4.487989303600561,-1.3739197380489427e-07,6.28318580457633,2.253013711580229e-07,1.8516886468589178e-07,1.5409449005687748e-07,2.015277145162031e-07,-1.373919737979179e-07,4.973967433485882e-07,2.253013713371388e-07,-0.1069182567967904,0.20347541202205466,0.36486937818743276,1.570796326794897,1.060797519393956,-2.899931680236733
5.316541413767341,-0.571198664289053,-0.8975979010256552,3.141592653589793,6.283185307179586,0.0,5.316541347673519,-0.5711983069446487,-0.8975977412957031,3.1415927832485706,6.283185639468705,-3.18040212600364e-07,-6.609382197098057e-08,3.573444042892504e-07,1.597299519318085e-07,1.2965877749238075e-07,3.322891188872745e-07,-3.180402123881265e-07,-0.2641376951141263,-0.01015542432430925,0.5043055630115963,-1.5707963267948937,-1.4687965653147081,2.174948760177545
-1.4499658401183666,-6.283185307179586,-2.6927937030769655,-6.283185307179586,0.0,0.0,-1.4499655984480633,-6.283185579265234,-2.692793345209839,-6.283184625409963,-1.1903948578018185e-06,1.9555239517869444e-08,2.4167030332478134e-07,-2.720856473459321e-07,3.578671265991318e-07,6.817696229788339e-07,-1.1903948577973722e-06,1.9555239649804435e-08,-0.23218992873625438,0.06095242308907098,0.3212517060553348,-1.5707963267948966,0.44879895051282825,1.6916268134714267
4.349897520355098,-0.571198664289053,-0.8975979010256552,0.0,6.283185307179586,0.0,4.349897185674981,-0.5711987322739424,-0.897597558683523,9.144327577830441e-08,6.283185037760526,1.090104052008833e-07,-3.3468011739756776e-07,-6.798488927373114e-08,3.423421324200149e-07,9.144327561827481e-08,-2.694190603946822e-07,1.0901040514710303e-07,-0.09818861719463703,0.3703898419776687,0.48692437918125153,1.5707963267948983,1.4687965653147081,-1.9332877868244869
5.316541413767341,3.9983906500233726,-0.8975979010256552,0.0,0.0,0.0,5.316540728917193,3.998389958195311,-0.8975979096883901,2.4567200415101766e-08,-2.4825398838536715e-07,7.421318758670304e-08,-6.848501481471203e-07,-6.918280615053618e-07,-8.66273497379666e-09,2.456720027410597e-08,-2.482539884773871e-07,7.42131875952623e-08,0.029940775425984334,-0.4362016416857515,0.41249565395970955,-1.5707963267948966,-0.04079990459207586,2.174948760177548
5.316541413767341,-0.571198664289053,6.283185307179586,0.0,-6.283185307179586,0.0,5.316541553233465,-0.5711989965877632,6.283185090008299,-6.749287035472801e-07,-6.28318513108822,1.7688421288684896e-07,1.3946612398285652e-07,-3.3229871032602887e-07,-2.1717128717568812e-07,-6.749287035923146e-07,1.760913663773067e-07,1.7688421305450674e-07,-0.42813610287445136,0.22743728741436198,0.32698670434570276,1.5707963267948963,0.5711986642890533,-0.9666438934122455
-6.283185307179586,-6.283185307179586,6.283185307179586,-3.141592653589793,-6.283185307179586,0.0,-6.283185442219611,-6.283185851871651,6.283184929587816,-3.141592783622564,-6.283185079831641,-3.35617879232801e-09,-1.35040024495936e-07,-5.446920647855791e-07,-3.7759177029528246e-07,-1.3003277077316966e-07,2.2734794491441335e-07,-3.3561788903568868e-09,-0.4567499999999999,-0.22315000000000013,0.23719999999999997,-1.5707963267948966,1.2246467991473532e-16,-3.1415926535897927
-2.4166097335306103,3.9983906500233726,2.6927937030769655,6.283185307179586,6.283185307179586,0.0,-2.4166095591353893,3.9983914305640944,2.69279338347804,6.283185492227274,6.283185330542737,-3.8758926597559706e-07,1.7439522093098958e-07,7.805407218341998e-07,-3.1959892554667135e-07,1.8504768739546762e-07,2.3363150525312903e-08,-3.875892660154534e-07,-0.14622140683691073,0.16858444894067706,0.17297653629448997,1.5707963267948963,-0.4079990459207513,-2.41660973353061
5.316541413767341,2.8559933214452666,-4.487989505128276,3.141592653589793,0.0,0.0,5.316541571907683,2.85599313210779,-4.487989437236201,3.1415926489268817,3.495380354348361e-08,1.1141316554456537e-07,1.5814034171057756e-07,-1.8933747680804913e-07,6.789207507296169e-08,-4.662911390340696e-09,3.495380340723386e-08,1.1141316536011914e-07,0.004900016369481758,-0.39992383917852214,0.2908147505949514,1.5707963267948957,-1.5095964699067839,-0.9666438934122444
4.349897520355098,6.283185307179586,4.487989505128276,6.283185307179586,6.283185307179586,0.0,4.3498977266508465,6.283185405401001,4.487990103252696,6.283185301069358,6.283185013481103,1.4076655165765363e-07,2.0629574848385346e-07,9.822141500137604e-08,5.98124420214674e-07,-6.11022787921911e-09,-2.936984833112888e-07,1.4076655174832808e-07,-0.10960112183112058,0.3402975403914396,0.37869679259033634,-1.5707963267948974,1.346396851538482,1.208304866765304
2.41660973353061,-6.283185307179586,-2.6927937030769655,-6.283185307179586,-6.283185307179586,0.0,2.4166100780442745,-6.283185068828642,-2.692793341285404,-6.283185539932533,-6.283185271008837,-2.437159109429721e-07,3.4451366470733547e-07,2.3835094431490234e-07,3.617915615983236e-07,-2.3275294669389268e-07,3.617074906259177e-08,-2.437159110080245e-07,0.21421559010121075,0.10834685895108383,0.3212517060553348,-1.5707963267948963,0.44879895051282825,-0.7249829200591831
-0.4833219467061225,3.9983906500233726,4.487989505128276,0.0,-6.283185307179586,0.0,-0.4833216461183398,3.9983906979988197,4.487989873715177,1.4554029910297492e-07,-6.283185409978632,-5.15846337715229e-08,3.005877826645076e-07,4.797544717050073e-08,3.6858690144470074e-07,1.4554029892366316e-07,-1.0279904572030318e-07,-5.158463389776102e-08,0.21006206161837657,-0.36226610730296843,0.21439188180586044,-1.5707963267948968,-0.9383978056177313,2.658270706883671
-5.316541413767342,5.14078797860148,0.8975979010256552,-3.141592653589793,-6.283185307179586,0.0,-5.316541747670244,5.1407880535686905,0.8975984647200586,-3.1415926216673244,-6.2831861668211255,-1.5257876204089138e-07,-3.33902901772376e-07,7.49672102173804e-08,5.636944031550684e-07,3.192246866845494e-08,-8.596415392858603e-07,-1.5257876206931087e-07,0.020425443842485694,-0.36323357584020377,0.5078677661251122,-1.5707963267948966,-0.24479942755245093,-2.1749487601775486
-4.349897520355098,3.9983906500233726,0.8975979010256552,-6.283185307179586,0.0,0.0,-4.349897534835937,3.998390153093266,0.8975984932055739,-6.283185066272341,-1.142962576654662e-07,-8.520241538494748e-08,-1.448083875033035e-08,-4.969301063972864e-07,5.921799188790544e-07,2.4090724526359963e-07,-1.1429625779157959e-07,-8.520241534526463e-08,0.1956519200932958,0.11340023296226032,0.529947198943794,1.5707963267948963,1.3871967561305585,1.9332877868244878
-1.4499658401183666,5.14078797860148,-2.6927937030769655,3.141592653589793,6.283185307179586,0.0,-1.4499662734143288,5.140788023162916,-2.6927934394512936,3.1415919901411264,6.283185087848407,-2.2546759636763184e-07,-4.332959622210808e-07,4.456143543052349e-08,2.636256719590335e-07,-6.634486666712291e-07,-2.1933117899664012e-07,-2.2546759614883172e-07,-0.22053446839527352,-0.035038928984678516,0.17146041771661885,1.5707963267948968,0.6935983780652787,-1.4499658401183664
6.283185307179586,-1.7135959928671598,-2.6927937030769655,6.283185307179586,0.0,0.0,6.283185351482026,-1.7135957854548283,-2.692793839364583,6.283184490618551,-3.945521442776674e-07,1.9999743715058574e-07,4.430243993880367e-08,2.074123317541421e-07,-1.3628761763584407e-07,-8.165610347887764e-07,-3.945521442894062e-07,1.999974372779434e-07,0.1802716515468334,-0.22315000000000007,0.2153362823766768,-1.5707963267948963,-1.2647970423543322,3.1415926535897927
-0.4833219467061225,3.9983906500233726,-6.283185307179586,-3.141592653589793,6.283185307179586,0.0,-0.4833223591317342,3.9983904572028606,-6.283185077113379,-3.1415927460983832,6.2831852701887065,-9.808216428774505e-07,-4.124256118842595e-07,-1.9282051200164574e-07,2.300662069742998e-07,-9.250859012155388e-08,-3.699087969266657e-08,-9.808216430151617e-07,0.21825845680586828,-0.3665679073478046,0.44114625444407723,1.5707963267948963,-0.8567979964335797,-0.48332194670612194
-0.4833219467061225,3.9983906500233726,0.8975979010256552,6.283185307179586,-6.283185307179586,0.0,-0.48332201165470284,3.9983904839222344,0.8975978047032833,6.283184517762024,-6.283185266904195,-9.219575145335898e-09,-6.494858029171269e-08,-1.6610113817705496e-07,-9.632237185641657e-08,-7.89417562430117e-07,4.027539102224864e-08,-9.219575325403184e-09,-0.07124930116308598,-0.21462251455954048,0.5299471989437942,1.570796326794895,1.387196756130559,-0.4833219467061244
6.283185307179586,-1.7135959928671598,2.6927937030769655,3.141592653589793,6.283185307179586,0.0,6.283185063138886,-1.7135962668098483,2.6927937899623675,3.141592786507466,6.283184935011423,-2.4465234216242443e-07,-2.4404070053662963e-07,-2.7394268853342396e-07,8.688540198420469e-08,1.3291767286816025e-07,-3.7216816295426725e-07,-2.4465234194082086e-07,-0.15508323034272964,-0.22314999999999996,0.26355303517764395,-1.5707963267948968,0.9791977102098054,3.1415926535897927
6.283185307179586,-6.283185307179586,6.283185307179586,3.141592653589793,6.283185307179586,0.0,6.283185343023142,-6.283185830240372,6.283186039820776,3.141592279588076,6.2831854983820445,-1.8633875162930205e-07,3.58435556790937e-08,-5.230607857953373e-07,7.326411894936768e-07,-3.7400171715162855e-07,1.912024583106131e-07,-1.863387515399495e-07,-0.4567500000000001,-0.2231499999999999,0.23719999999999997,-1.5707963267948966,-1.2246467991473532e-16,3.1415926535897927
6.283185307179586,-1.7135959928671598,-6.283185307179586,-6.283185307179586,0.0,0.0,6.283185160640889,-1.7135960272947106,-6.283185582130765,-6.283185609967863,-1.4363253190780117e-07,-8.55819610989146e-09,-1.465386976207128e-07,-3.442755058813418e-08,-2.7495117915776746e-07,-3.0278827711782696e-07,-1.4363253209026539e-07,-8.558195929708745e-09,-0.019478957683214792,-0.22314999999999996,0.616097515025741,-1.5707963267948961,1.427996660722634,-3.141592653589793
-1.4499658401183666,6.283185307179586,4.487989505128276,-3.141592653589793,0.0,0.0,-1.4499658892968759,6.2831852408764135,4.4879896660511704,-3.1415932438283245,3.2009056643306623e-07,-1.835092155680569e-07,-4.917850926489109e-08,-6.630317272993125e-08,1.60922894565374e-07,-5.902385313838465e-07,3.2009056649684453e-07,-1.8350921537901854e-07,-0.23513138836745323,0.08517752263973942,0.3407124691639934,1.5707963267948963,-1.3463968515384825,-1.4499658401183664
2.41660973353061,-0.571198664289053,-2.6927937030769655,6.283185307179586,0.0,0.0,2.4166105034621874,-0.571198737318375,-2.6927928709607736,6.283185480051962,2.229725443551562e-07,9.350613285281581e-07,7.699315776044102e-07,-7.302932214514612e-08,8.321161919511155e-07,1.7287237596974592e-07,2.2297254442804615e-07,9.350613283665155e-07,0.13514754700869885,0.1783950326687162,0.3422040169213491,-1.5707963267948966,-0.1223997137762255,-0.7249829200591833
-1.4499658401183666,-1.7135959928671598,6.283185307179586,0.0,-6.283185307179586,0.0,-1.4499659855134583,-1.7135963057681576,6.28318568342268,2.2474521774436057e-07,-6.283185428829898,2.9564734461500675e-08,-1.453950915220048e-07,-3.1290099755665324e-07,3.762430935694283e-07,2.247452175474507e-07,-1.2165031204602883e-07,2.956473466042553e-08,-0.22387091414894933,-0.007560826048667594,0.6160975150257411,-1.5707963267948946,1.4279966607226333,1.6916268134714287
6.283185307179586,-0.571198664289053,-4.487989505128276,-3.141592653589793,-6.283185307179586,0.0,6.2831854162881475,-0.5711989788006702,-4.487989407049585,-3.141592572197733,-6.283185599565357,5.0545915338068926e-08,1.0910856129697777e-07,-3.14511617194313e-07,9.807869094657917e-08,8.139206020274514e-08,-2.9238577070600513e-07,5.0545915453170664e-08,-0.35762042317712683,-0.2231499999999999,0.11202538903844236,-1.5707963267948957,1.2239971377622576,-3.1415926535897927
1.4499658401183657,3.9983906500233726,0.8975979010256552,3.141592653589793,0.0,0.0,1.4499652463933266,3.998390916497639,0.8975983198113391,3.1415928358653846,-1.519819369847653e-07,3.6093119170054333e-07,-5.937250389109749e-07,2.664742662084052e-07,4.1878568390885107e-07,1.822755915092955e-07,-1.5198193681342786e-07,3.6093119160085507e-07,0.24617068232322148,0.17609428798000698,0.561111867361073,-1.5707963267948963,-1.387196756130559,-1.6916268134714278
2.41660973353061,-1.7135959928671598,-4.487989505128276,-3.141592653589793,-6.283185307179586,0.0,2.4166097246643763,-1.7135956365005132,-4.4879894549986,-3.141592490909597,-6.283185467555514,6.984458878823349e-07,-8.866233525139933e-09,3.563666464145854e-07,5.012967552175951e-08,1.626801959808688e-07,-1.6037592764917008e-07,6.984458877923316e-07,0.2862906021629514,0.04449397012096434,0.4606092378337467,-1.5707963267948966,0.08159980918415093,-0.7249829200591831
-3.3832536269428544,6.283185307179586,-0.8975979010256552,0.0,-6.283185307179586,0.0,-3.383253706979494,6.283185645085228,-0.89759841850089,2.079591087963487e-08,-6.283185336906329,4.289966550536134e-07,-8.003663953815021e-08,3.379056421337623e-07,-5.174752346626121e-07,2.0795910771198578e-08,-2.972674284507093e-08,4.289966550885538e-07,0.48373183338593806,0.11059920690292502,0.26532161747354116,1.5707963267948961,0.8975979010256554,2.8999316802367314
-1.4499658401183666,6.283185307179586,-2.6927937030769655,6.283185307179586,6.283185307179586,0.0,-1.4499656451268061,6.283185418053291,-2.692793678846704,6.283185281094627,6.283185319783076,-1.4310207321982374e-07,1.949915606758168e-07,1.108737048838293e-07,2.4230261352897742e-08,-2.6084959081629222e-08,1.2603489807361257e-08,-1.4310207330225921e-07,-0.23218992873625435,0.060952423089070874,0.32125170605533493,-1.5707963267948968,0.44879895051282725,1.6916268134714263
-0.4833219467061225,-0.571198664289053,-2.6927937030769655,-6.283185307179586,0.0,0.0,-0.4833225854742627,-0.5711985467819669,-2.6927932981431026,-6.28318501168609,-3.3095004207744325e-07,5.328570740414962e-07,-6.3876814015984e-07,1.1750708583946334e-07,4.0493386288531497e-07,2.9549349633839483e-07,-3.309500420378697e-07,5.328570740203986e-07,-0.08852767916458451,-0.20555412222836392,0.3422040169213491,-1.5707963267948966,-0.122399713776225,2.6582707068836706
-6.283185307179586,2.8559933214452666,2.6927937030769655,-6.283185307179586,6.283185307179586,0.0,-6.283185504019831,2.8559932563864674,2.6927931812102988,-6.283185465529843,6.283186132146723,3.4408838132409064e-07,-1.968402445484685e-07,-6.505879923679458e-08,-5.218666667694549e-07,-1.5835025646282475e-07,8.249671363813604e-07,3.440883813432549e-07,0.018243693211464868,-0.22315000000000002,0.16275834248662308,1.5707963267948968,0.7343982826573542,5.196338939989472e-16
-6.283185307179586,-2.8559933214452666,2.6927937030769655,-6.283185307179586,0.0,0.0,-6.283185383645805,-2.8559935445331317,2.692793735820791,-6.2831854688866375,2.707076799452461e-07,-2.4714295464159177e-07,-7.646621913437457e-08,-2.230878650699708e-07,3.2743825428838136e-08,-1.617070513049157e-07,2.707076798280639e-07,-2.4714295454586477e-07,0.009450076166979552,-0.22315000000000002,0.17088996686545965,1.5707963267948966,0.16319961836830085,2.348465907566819e-16
2.41660973353061,3.9983906500233726,-2.6927937030769655,3.141592653589793,-6.283185307179586,0.0,2.4166102768530298,3.99839030129703,-2.692794042860028,3.1415925489765235,-6.283184772933064,3.1514183142756463e-07,5.433224199435926e-07,-3.487263424695186e-07,-3.3978306257509416e-07,-1.0461326960253814e-07,5.342465225766091e-07,3.1514183129743856e-07,0.13207366051685576,0.18111825846952395,0.15253660355705134,-1.5707963267948954,1.305596946946407,-0.7249829200591824
0.4833219467061216,3.9983906500233726,-4.487989505128276,6.283185307179586,6.283185307179586,0.0,0.48332136961982364,3.9983906638854574,-4.4879892508539365,6.283185294254139,6.283185318996391,3.5195532619516414e-07,-5.770862978593527e-07,1.3862084813354159e-08,2.542743393618707e-07,-1.2925447379075194e-08,1.1816804423858684e-08,3.5195532621656866e-07,0.042783622810651366,-0.22956245505919673,0.3608515628261186,1.5707963267948968,0.4895988551049036,0.4833219467061218
5.316541413767341,5.14078797860148,4.487989505128276,3.141592653589793,0.0,0.0,5.316541414869813,5.140788059763831,4.487989439769584,3.1415926674288572,-4.926875935047579e-08,6.543134527439318e-07,1.1024718915564335e-09,8.11623506180581e-08,-6.535869179202791e-08,1.3839064116893951e-08,-4.926875929456287e-08,6.543134527525751e-07,-0.11270004074623298,-0.22955074316908122,0.3330023379470708,1.5707963267948966,-0.20399952296037635,-0.9666438934122452
1.4499658401183657,6.283185307179586,-0.8975979010256552,6.283185307179586,-6.283185307179586,0.0,1.4499657914974506,6.283185330969477,-0.8975981110442075,6.283185614453075,-6.283184573819648,-6.963372860132244e-07,-4.862091529389545e-08,2.3789890946090964e-08,-2.1001855232682942e-07,3.072734884312922e-07,7.333599381098566e-07,-6.963372860546713e-07,0.1681002434909023,-0.4668736224469919,0.26532161747354116,1.5707963267948961,0.8975979010256556,1.4499658401183653
-0.4833219467061225,2.8559933214452666,2.6927937030769655,-6.283185307179586,6.283185307179586,0.0,-0.4833223950094462,2.8559927902903466,2.692793851423306,-6.283185754188156,6.283185223729488,2.733428520290173e-07,-4.483033237967504e-07,-5.311549200470722e-07,1.48346340544947e-07,-4.470085697150239e-07,-8.345009838706119e-08,2.7334285190860896e-07,-0.08754898775730696,-0.20606777910353907,0.16275834248662308,1.5707963267948968,0.7343982826573542,-0.48332194670612216
-0.4833219467061225,6.283185307179586,-6.283185307179586,3.141592653589793,0.0,0.0,-0.4833215901176222,6.283185316196699,-6.283185289764494,3.1415930886943726,6.354288067134376e-07,9.334312624158162e-08,3.5658850006115017e-07,9.017112390097282e-09,1.741509247921158e-08,4.351045794770414e-07,6.354288069054803e-07,9.33431261174178e-08,-0.5081350155586706,0.014672796706477712,0.23720000000000008,-1.5707963267948966,-1.2246467991473532e-16,2.6582707068836706
-2.4166097335306103,5.14078797860148,4.487989505128276,-3.141592653589793,6.283185307179586,0.0,-2.4166093963236466,5.140787583101447,4.487989401261729,-3.1415930710462927,6.283184848316245,7.577921791332436e-07,3.3720696368533254e-07,-3.9550003361199515e-07,-1.0386654647476234e-07,-4.1745649959068487e-07,-4.588633411017895e-07,7.577921792289999e-07,-0.24146154857594088,0.08420904602825413,0.3330023379470708,1.5707963267948966,-0.20399952296037657,-2.41660973353061
-4.349897520355098,3.9983906500233726,-4.487989505128276,3.141592653589793,6.283185307179586,0.0,-4.349897921135783,3.9983907760679576,-4.487989966662908,3.1415928602997245,6.2831844581026335,7.0028831566754e-07,-4.0078068508364595e-07,1.2604458499154703e-07,-4.615346318459501e-07,2.067099313940446e-07,-8.490769527469411e-07,7.002883157802842e-07,0.20457962786043682,0.08985980225402732,0.5114979959835435,-1.5707963267948963,-0.4895988551049034,-1.2083048667653051
5.316541413767341,-1.7135959928671598,-4.487989505128276,6.283185307179586,0.0,0.0,5.316541440629799,-1.7135958484014144,-4.487989433396482,6.28318503266109,1.5238585715280163e-07,2.2841775791167955e-07,2.6862458035736836e-08,1.4446574514437316e-07,7.173179383812567e-08,-2.745184959351832e-07,1.5238585726606857e-07,2.284177580413882e-07,-0.280715776219576,0.01386207254690306,0.2904772280019879,1.5707963267948966,-0.08159980918415054,-0.9666438934122452
1.4499658401183657,-6.283185307179586,-0.8975979010256552,-6.283185307179586,6.283185307179586,0.0,1.4499655435789376,-6.28318467065502,-0.8975983322773272,-6.283185062785233,6.283185779998597,-5.151897367166396e-07,-2.965394281240208e-07,6.365245663886299e-07,-4.312516721505233e-07,2.44394353643429e-07,4.728190106106922e-07,-5.151897366495461e-07,0.1681002434909023,-0.4668736224469919,0.26532161747354094,1.5707963267948968,0.8975979010256546,1.4499658401183662
-1.4499658401183666,-2.8559933214452666,2.6927937030769655,6.283185307179586,6.283185307179586,0.0,-1.4499654536559001,-2.8559930291314752,2.6927942808951193,6.283185571556744,6.283185216037593,1.3773310184448928e-08,3.864624664728922e-07,2.92313791394605e-07,5.778181537685612e-07,2.6437715749949575e-07,-9.114199350790386e-08,1.3773310048037501e-08,-0.22038390444565312,-0.03627893467083827,0.17088996686545965,1.5707963267948966,0.16319961836830135,-1.4499658401183664
0.4833219467061216,3.9983906500233726,-2.6927937030769655,0.0,-6.283185307179586,0.0,0.48332185695298036,3.998390757706305,-2.6927936186512267,3.355815209858115e-07,-6.283184878504964,-2.973554666895953e-07,-8.975314136350221e-08,1.0768293234875159e-07,8.442573884437365e-08,3.355815207939372e-07,4.2867462202167417e-07,-2.973554664720268e-07,0.26837782013579103,-0.11116148658844072,0.10779584627934648,1.5707963267948972,-1.305596946946407,0.48332194670612083
-1.4499658401183666,-1.7135959928671598,-6.283185307179586,3.141592653589793,6.283185307179586,0.0,-1.4499661484450697,-1.7135955451651297,-6.283185302888079,3.141591986713981,6.2831852725873505,-3.230778610254775e-07,-3.083267028358705e-07,4.477020301152379e-07,4.291507593734423e-09,-6.668758119054985e-07,-3.459223574253656e-08,-3.230778609086826e-07,-0.20350473288501753,-0.17529141917077157,0.5918043721324913,1.5707963267948946,-1.4279966607226335,-1.4499658401183644
-2.4166097335306103,-1.7135959928671598,6.283185307179586,6.283185307179586,6.283185307179586,0.0,-2.4166097635593813,-1.7135959629895294,6.283185444824078,6.283185014476936,6.2831856941875195,1.1302946348083237e-07,-3.002877102531443e-08,2.9877630147723266e-08,1.3764449136033363e-07,-2.9270265056169364e-07,3.8700793325574523e-07,1.1302946356650523e-07,-0.1333956119973772,0.17994711165303445,0.6160975150257411,-1.570796326794898,1.4279966607226329,0.7249829200591817
-0.4833219467061225,-2.8559933214452666,-6.283185307179586,6.283185307179586,0.0,0.0,-0.48332206251681215,-2.8559932071218577,-6.283185468466969,6.283185761917774,-3.175420661834574e-07,-2.145302629327064e-10,-1.1581068948274265e-07,1.1432340896178061e-07,-1.6128738256071529e-07,4.5473818754970807e-07,-3.1754206597511825e-07,-2.145301714051584e-10,0.2630551607884218,-0.39007903129833654,0.3624240706353204,-1.5707963267948966,0.2855993321445266,2.6582707068836706
1.4499658401183657,6.283185307179586,-0.8975979010256552,-3.141592653589793,6.283185307179586,0.0,1.4499661001262465,6.283185291024958,-0.8975976856918325,-3.1415926109609975,6.283184593026499,1.7837387794759607e-07,2.600078810033324e-07,-1.615462785764521e-08,2.1533382277283408e-07,4.2628795604571224e-08,-7.141530868892687e-07,1.7837387789043646e-07,0.1841869041915784,-0.3343880520933126,0.37175132665082694,-1.5707963267948961,-0.8975979010256553,-1.691626813471428
1.4499658401183657,-1.7135959928671598,0.8975979010256552,-3.141592653589793,6.283185307179586,0.0,1.4499655593763596,-1.7135958552217045,0.8975980315870252,-3.141592422185741,6.283185088400833,-8.918631926575121e-08,-2.8074200608685373e-07,1.37645455033919e-07,1.305613701596542e-07,2.314040519202365e-07,-2.1877875333586871e-07,-8.918631921872588e-08,0.21558755918378125,-0.07578039177595092,0.6066948259769498,-1.5707963267948963,-0.8159980918415045,-1.6916268134714278
4.349897520355098,-1.7135959928671598,-4.487989505128276,0.0,6.283185307179586,0.0,4.349897239236308,-1.713596437273514,-4.487989865424767,1.3753623462017682e-07,6.2831849721709885,-3.403337149146987e-07,-2.8111878958014813e-07,-4.444063543829202e-07,-3.602964913085316e-07,1.3753623440138085e-07,-3.3500859775159597e-07,-3.4033371498765064e-07,-0.14805647426766488,0.23889910946105045,0.2904772280019879,1.5707963267948966,-0.0815998091841508,-1.9332877868244882
-0.4833219467061225,3.9983906500233726,-0.8975979010256552,3.141592653589793,6.283185307179586,0.0,-0.4833213511229775,3.998390664291458,-0.8975980799326125,3.1415924574925134,6.283185171989017,-3.210037157175087e-07,5.95583145024392e-07,1.4268085379853801e-08,-1.7890695724886996e-07,-1.9609727974767566e-07,-1.3519056896171833e-07,-3.210037156087253e-07,0.22305916415701713,-0.3690875129336765,0.24193771061158922,1.5707963267948966,0.04079990459207598,-0.48332194670612233
-5.316541413767342,6.283185307179586,-2.6927937030769655,-3.141592653589793,0.0,0.0,-5.316541015021428,6.283185018286403,-2.6927937404174607,-3.141592709976368,4.995889178668913e-08,-1.527675880806423e-07,3.987459145093908e-07,-2.8889318315350465e-07,-3.734049514036997e-08,-5.638657496476185e-08,4.995889169023826e-08,-1.527675879131607e-07,0.1754508458739261,-0.1386405071632388,0.16745632030439195,1.5707963267948966,-0.4487989505128276,0.9666438934122443
5.316541413767341,5.14078797860148,-0.8975979010256552,0.0,6.283185307179586,0.0,5.316541473386744,5.140788124484983,-0.8975975549775186,1.4098159700806723e-07,6.2831850120984365,-7.427187411445153e-07,5.961940274801236e-08,1.4588350261135474e-07,3.460481368122714e-07,1.4098159706321667e-07,-2.9508114973708643e-07,-7.427187411757075e-07,-0.22960390742768094,-0.06018625312980134,0.6021433930213445,-1.570796326794897,1.101597423986032,2.1749487601775472
-3.3832536269428544,-2.8559933214452666,-4.487989505128276,-3.141592653589793,0.0,0.0,-3.3832538002919095,-2.8559935177676703,-4.487989277687554,-3.141592418732322,-2.7707479934836953e-07,3.071722841599824e-07,-1.7334905511035004e-07,-1.963224036671818e-07,2.2744072225577838e-07,2.348574712485174e-07,-2.7707479954841574e-07,3.0717228405308106e-07,-0.14476024474404878,0.2655085912529309,0.4482010565598744,-1.5707963267948966,-1.0607975193939558,-0.24166097335306122
-1.4499658401183666,5.14078797860148,-6.283185307179586,3.141592653589793,6.283185307179586,0.0,-1.449966061906913,5.140787938331115,-6.283185227567152,3.1415926700245578,6.283185406299023,3.0618266189873336e-08,-2.2178854663934544e-07,-4.027036570874998e-08,7.961243397858198e-08,1.6434764660289147e-08,9.91194371025017e-08,3.0618266144699646e-08,-0.23503559507232535,0.08438859387588868,0.6027800852378872,-1.570796326794896,-1.142397328578106,1.6916268134714258
6.283185307179586,-6.283185307179586,-2.6927937030769655,6.283185307179586,6.283185307179586,0.0,6.28318516389198,-6.283185074435737,-2.6927934871722314,6.283185398974584,6.28318511270773,-3.304449216731089e-07,-1.432876066687072e-07,2.327438490823397e-07,2.159047340910547e-07,9.179499738110053e-08,-1.9447185639620557e-07,-3.3044492164790995e-07,-0.08849541449688794,-0.22314999999999996,0.3212517060553349,-1.5707963267948968,0.44879895051282775,3.1415926535897927
6.283185307179586,-2.8559933214452666,2.6927937030769655,6.283185307179586,6.283185307179586,0.0,6.283185101368312,-2.855993717056824,2.6927933536942144,6.283184771707636,6.283185965277059,-1.630448045015812e-07,-2.0581127380125963e-07,-3.956115572911756e-07,-3.493827511746872e-07,-5.354719503358751e-07,6.580974725167721e-07,-1.6304480432438595e-07,0.009450076166979425,-0.22315000000000002,0.17088996686545965,1.5707963267948966,0.16319961836830135,-6.784437011774911e-18
-4.349897520355098,-1.7135959928671598,2.6927937030769655,3.141592653589793,6.283185307179586,0.0,-4.349897420819933,-1.7135957075271706,2.6927939987224896,3.141592852209349,6.2831852871277585,-4.777615024445701e-07,9.95351649990539e-08,2.853399889701791e-07,2.9564552406213807e-07,1.9861955591338187e-07,-2.0051827753775342e-08,-4.777615023598969e-07,0.2636421459331255,-0.06587525879503384,0.26355303517764395,-1.5707963267948968,0.9791977102098054,-1.2083048667653051
-2.4166097335306103,-0.571198664289053,6.283185307179586,0.0,6.283185307179586,0.0,-2.4166097848886636,-0.5711984713766546,6.283185239228614,-1.649395339186057e-07,6.283185444537512,-5.142582318571144e-08,-5.135805336564658e-08,1.9291239850005582e-07,-6.795097196032884e-08,-1.6493953403085015e-07,1.373579259222879e-07,-5.142582315542654e-08,0.17417290897908846,0.4524290442364284,0.32698670434570276,1.5707963267948968,0.5711986642890533,-2.41660973353061
-2.4166097335306103,-1.7135959928671598,-4.487989505128276,-6.283185307179586,-6.283185307179586,0.0,-2.4166102393060513,-1.7135960150336411,-4.487989595085408,-6.283184753408554,-6.283185165893368,-1.5182140475209014e-07,-5.057754410842108e-07,-2.2166481095098334e-08,-8.99571324097792e-08,5.537710325853595e-07,1.4128621828035648e-07,-1.51821404781316e-07,-0.02007554533010246,0.2803399303587587,0.2904772280019879,1.5707963267948966,-0.08159980918415105,-2.4166097335306107
3.383253626942853,-0.571198664289053,-0.8975979010256552,6.283185307179586,-6.283185307179586,0.0,3.3832536468894983,-0.5711996557608359,-0.8975978185025469,6.283185342218809,-6.28318559243115,5.261526475240129e-09,1.9946645224422355e-08,-9.914717828962694e-07,8.252310834677701e-08,3.50392230785701e-08,-2.852515637030706e-07,5.261526325739396e-09,0.2490473720799687,0.2912130595404317,0.48692437918125164,1.5707963267948937,1.4687965653147084,-2.8999316802367368
2.41660973353061,3.9983906500233726,-4.487989505128276,3.141592653589793,0.0,0.0,2.416609292330895,3.9983910216558494,-4.487989497954025,3.141592123248362,2.3018409647560722e-07,3.101007103137437e-08,-4.4119971498446375e-07,3.7163247679217193e-07,7.174250526986725e-09,-5.303414312152199e-07,2.3018409667230344e-07,3.101007095551722e-08,0.13938633187219782,0.17463979696467022,0.5114979959835435,-1.5707963267948966,-0.4895988551049034,-0.7249829200591833
2.41660973353061,5.14078797860148,4.487989505128276,-6.283185307179586,-6.283185307179586,0.0,2.4166096789036087,5.140787889005669,4.487990157956774,-6.283185383601956,-6.283185963449224,1.1956904249960158e-07,-5.462700114478025e-08,-8.959581165868258e-08,6.528284979268051e-07,-7.642236976579397e-08,-6.562696377443444e-07,1.195690426669671e-07,0.08037486149748696,0.22691939775489306,0.5001627298469625,-1.5707963267948966,0.2039995229603767,-0.7249829200591831
6.283185307179586,2.8559933214452666,-4.487989505128276,3.141592653589793,0.0,0.0,6.283185384337207,2.855993798419411,-4.487989758624662,3.141593029533366,1.2245359036993686e-07,-4.412286537801319e-07,7.715762073701171e-08,4.769741441812414e-07,-2.5349638654859064e-07,3.7594357271686363e-07,1.2245359037876824e-07,-4.412286536137344e-07,0.3319143937880815,-0.22315000000000007,0.2908147505949514,1.5707963267948957,-1.5095964699067839,7.543519616887582e-16
-1.4499658401183666,5.14078797860148,6.283185307179586,-3.141592653589793,6.283185307179586,0.0,-1.4499655721107991,5.140787799002251,6.283185379759817,-3.141593236587343,6.283185470062894,3.948521645730489e-07,2.680075672500948e-07,-1.7959922971044762e-07,7.258023071443631e-08,-5.829975497917417e-07,1.628833077305103e-07,3.94852164742332e-07,-0.23503559507232533,0.0843885938758886,0.6027800852378873,-1.570796326794896,-1.1423973285781064,1.6916268134714258
1.4499658401183657,-0.571198664289053,0.8975979010256552,-6.283185307179586,0.0,0.0,1.4499657819231262,-0.5711979610868284,0.8975977582346975,-6.283185092203344,-5.079216585777792e-07,6.320323176048525e-07,-5.81952397382679e-08,7.032022244501945e-07,-1.4279095772451456e-07,2.149762421410628e-07,-5.079216585102131e-07,6.320323175934561e-07,0.1757835545530801,-0.40359586286606325,0.1343200271730529,1.5707963267948966,-0.32639923673660237,1.4499658401183657
6.283185307179586,-0.571198664289053,-0.8975979010256552,-6.283185307179586,-6.283185307179586,0.0,6.28318570737346,-0.5711992355758657,-0.8975978864420388,-6.283184945251044,-6.283185631010856,1.508624453902824e-08,4.0019387359535585e-07,-5.71286812522942e-07,1.4583616536611999e-08,3.619285422473695e-07,-3.238312693554235e-07,1.5086244697926077e-08,-0.31150235486563727,-0.2231499999999999,0.4869243791812516,1.5707963267948937,1.468796565314708,-3.2486071796659902e-15
-3.3832536269428544,3.9983906500233726,4.487989505128276,6.283185307179586,0.0,0.0,-3.3832539671496544,3.998390710494681,4.487989892696889,6.283185843955504,3.018634145273123e-07,9.155786973936878e-08,-3.402068000646352e-07,6.047130840514114e-08,3.875686127585709e-07,5.367759179364384e-07,3.018634147089472e-07,9.155786973025215e-08,-0.2906539939980876,0.3014681707987895,0.21439188180586044,-1.5707963267948966,-0.9383978056177316,-0.24166097335306122
-0.4833219467061225,3.9983906500233726,-2.6927937030769655,3.141592653589793,-6.283185307179586,0.0,-0.48332160995639795,3.9983902392583786,-2.692793901702231,3.1415926575575117,-6.283185250283937,-3.635925394447223e-07,3.367497245498896e-07,-4.107649940188196e-07,-1.9862526556835292e-07,3.967718598119063e-09,5.68956490809569e-08,-3.6359253963169635e-07,-0.08489140363610762,-0.20746258684892177,0.15253660355705134,-1.5707963267948954,1.305596946946407,2.658270706883672
0.4833219467061216,5.14078797860148,6.283185307179586,0.0,0.0,0.0,0.4833217893908086,5.140788019189225,6.283185460751367,4.159988900592594e-07,4.6614079825821085e-07,6.894348540607625e-08,-1.573153127765181e-07,4.058774472071036e-08,1.535717810696724e-07,4.1599889000210055e-07,4.661407984052346e-07,6.894348558716956e-08,-0.13304839506204505,-0.32184621701380683,0.5318687425184652,1.5707963267948966,1.1423973285781064,0.48332194670612144
-6.283185307179586,-6.283185307179586,-2.6927937030769655,-6.283185307179586,-6.283185307179586,0.0,-6.283185883610204,-6.283185559041946,-2.692793716556792,-6.283184863715909,-6.283186075713454,7.228092456541857e-08,-5.764306179045775e-07,-2.518623594127689e-07,-1.347982658828073e-08,4.434636773353873e-07,-7.685338676566289e-07,7.228092435695999e-08,-0.08849541449688783,-0.22315000000000002,0.3212517060553348,-1.5707963267948963,0.44879895051282825,-3.1415926535897927
6.283185307179586,3.9983906500233726,-4.487989505128276,-3.141592653589793,-6.283185307179586,0.0,6.283185257824516,3.998390603656528,-4.487988909277502,-3.1415930356269715,-6.283185464421454,4.601310821337705e-08,-4.935507025294328e-08,-4.636684458603213e-08,5.958507740544405e-07,-3.8203717833695805e-07,-1.5724186752663627e-07,4.601310843455053e-08,0.011475438843360712,-0.22314999999999996,0.5114979959835436,-1.5707963267948968,-0.48959885510490314,3.141592653589793
-3.3832536269428544,-0.571198664289053,0.8975979010256552,3.141592653589793,6.283185307179586,0.0,-3.383253586801052,-0.57119858352514,0.897597638032,3.1415923429579213,6.283185049785346,5.084790634646544e-09,4.0141802326587595e-08,8.07639128908022e-08,-2.6299365529780516e-07,-3.106318717804868e-07,-2.5739424014403767e-07,5.084790810627737e-09,0.47498344190575614,0.11275549173992744,0.29600758102988195,-1.5707963267948966,0.326399236736602,-0.24166097335306141
2.41660973353061,-2.8559933214452666,6.283185307179586,-6.283185307179586,6.283185307179586,0.0,2.416609388050244,-2.8559935803472905,6.283185615057733,-6.283184705298626,6.2831856115685625,2.6380142218784665e-07,-3.4548036564885365e-07,-2.5890202381972927e-07,3.0787814697674776e-07,6.018809601826547e-07,3.0438897624662786e-07,2.6380142204018853e-07,-0.1620592333994042,0.44169726413695215,0.36242407063532034,-1.5707963267948966,0.2855993321445266,-0.7249829200591836
0.4833219467061216,3.9983906500233726,-2.6927937030769655,3.141592653589793,0.0,0.0,0.4833226958396288,3.998390350515118,-2.6927936888042145,3.141592083819978,6.98133577575361e-08,-1.8708891952854682e-07,7.491335072273841e-07,-2.9950825464197806e-07,1.4272750981092486e-08,-5.697698153284136e-07,6.981335776146125e-08,-1.870889194677261e-07,0.12251454804702624,-0.18771643740010585,0.15253660355705131,-1.5707963267948963,1.305596946946407,-2.6582707068836715
1.4499658401183657,2.8559933214452666,2.6927937030769655,-6.283185307179586,0.0,0.0,1.4499660815406932,2.8559936997463695,2.6927935884553365,-6.2831856187245645,1.1704496740299509e-07,1.590735416632178e-07,2.4142232746271475e-07,3.783011028879457e-07,-1.1462162907704965e-07,-3.1154497825980343e-07,1.1704496749587179e-07,1.5907354145028307e-07,0.2237220194702873,-0.008787084051631892,0.16275834248662308,1.5707963267948966,0.7343982826573542,1.4499658401183657
2.41660973353061,-1.7135959928671598,-2.6927937030769655,0.0,0.0,0.0,2.4166095668948593,-1.7135957808835676,-2.6927932498517135,-8.485773653874874e-08,-8.518321925140131e-08,-8.770653603474597e-08,-1.6663575053144086e-07,2.1198359245744314e-07,4.53225251995093e-07,-8.485773639321792e-08,-8.518321914507965e-08,-8.770653625589375e-08,0.013040552413073211,0.2865723902335757,0.21533628237667682,-1.5707963267948963,-1.2647970423543322,-0.7249829200591835
-0.4833219467061225,5.14078797860148,-6.283185307179586,-6.283185307179586,0.0,0.0,-0.48332182898203996,5.140788039150066,-6.283184488651232,-6.283185066996351,-2.3161770623881474e-07,5.0562433076130165e-08,1.1772408248234001e-07,6.054858570081478e-08,8.185283544293043e-07,2.401832350784616e-07,-2.3161770634771983e-07,5.056243290724183e-08,-0.34045434674517894,-0.07333280723522045,0.531868742518465,1.5707963267948966,1.1423973285781057,-0.48332194670612255
3.383253626942853,-6.283185307179586,6.283185307179586,-3.141592653589793,6.283185307179586,0.0,3.383253995216417,-6.283185288128805,6.283185238206737,-3.141592468407981,6.283184463807607,-2.234101980096838e-07,3.682735640886392e-07,1.9050781396856564e-08,-6.897284965390327e-08,1.8518181210680495e-07,-8.43371979364349e-07,-2.2341019789706706e-07,0.3900743846235812,0.325973096221965,0.23719999999999997,-1.5707963267948966,1.2246467991473532e-16,0.24166097335305953
3.383253626942853,-0.571198664289053,6.283185307179586,0.0,0.0,0.0,3.383254066336552,-0.5711987247028358,6.283185273909534,-7.121639935104233e-07,-1.587474734620522e-08,-2.3754313416914235e-08,4.3939369875900525e-07,-6.0413782865254e-08,-3.3270052490763646e-08,-7.121639935547819e-07,-1.5874747294475355e-08,-2.3754313627222245e-08,0.36447671232336576,0.3196638366548152,0.32698670434570276,1.5707963267948966,0.5711986642890533,-2.8999316802367336
-1.4499658401183666,2.8559933214452666,2.6927937030769655,-3.141592653589793,-6.283185307179586,0.0,-1.4499657665926051,2.85599352949425,2.6927937586318045,-3.1415929789299932,-6.283185294682801,-8.137307393110677e-08,7.352576147923173e-08,2.0804898337445366e-07,5.555483895136604e-08,-3.2534020011354414e-07,1.2496784940196903e-08,-8.137307405675642e-08,-0.2055353972522561,-0.15856739347666388,0.28945770728345194,-1.5707963267948968,-0.7343982826573543,1.691626813471427
-2.4166097335306103,-0.571198664289053,2.6927937030769655,-6.283185307179586,-6.283185307179586,0.0,-2.4166099200382374,-0.5711990443818583,2.6927938351968574,-6.283185226577643,-6.28318508645955,-2.099500490485998e-07,-1.8650762712013602e-07,-3.8009280522999234e-07,1.3211989191574958e-07,8.060194289782885e-08,2.2072003602602308e-07,-2.099500489016748e-07,-0.13257301890568904,0.18067586554059542,0.14652336436500124,-1.570796326794897,-1.0199976148018806,0.7249829200591833
5.316541413767341,5.14078797860148,2.6927937030769655,-6.283185307179586,-6.283185307179586,0.0,5.316541786902092,5.140787761140918,2.692793618506673,-6.283185502297912,-6.283185261193901,5.503952615429727e-07,3.731347506530369e-07,-2.1746056244609235e-07,-8.457029254671511e-08,-1.951183259407685e-07,4.598568548175308e-08,5.503952613672425e-07,-0.19511867537682812,-0.11014673695275248,0.15849421821229767,1.5707963267949057,-1.5503963744988596,-0.9666438934122545
3.383253626942853,3.9983906500233726,-4.487989505128276,6.283185307179586,-6.283185307179586,0.0,3.3832534151133284,3.998391104645078,-4.487989104361982,6.283184701806972,-6.283185327103473,-4.978255586380111e-07,-2.1182952458786986e-07,4.5462170561449966e-07,4.0076629392871155e-07,-6.053726142596361e-07,-1.992388654059596e-08,-4.978255585541547e-07,0.013397482940129938,0.23313057844152218,0.3608515628261186,1.5707963267948963,0.4895988551049036,-2.8999316802367336
-5.316541413767342,3.9983906500233726,6.283185307179586,-3.141592653589793,6.283185307179586,0.0,-5.316541496719196,3.9983908058907938,6.2831853644159015,-3.1415924355888682,6.283185810502901,3.79229446183654e-08,-8.295185427442675e-08,1.5586742119211294e-07,5.72363152429034e-08,2.180009248675674e-07,5.033233145823601e-07,3.7922944784440915e-08,0.390203364404748,0.1724822282782874,0.44114625444407707,1.5707963267948963,-0.8567979964335792,0.9666438934122448
-3.3832536269428544,5.14078797860148,-2.6927937030769655,3.141592653589793,-6.283185307179586,0.0,-3.3832534996150194,5.140787623302166,-2.6927934554414237,3.1415924381094404,-6.283185699405717,7.374322897945242e-08,1.2732783494229238e-07,-3.5529931441402596e-07,2.4763554185014414e-07,-2.1548035267215937e-07,-3.92226130685458e-07,7.374322885667084e-08,0.04544063252731637,0.21862828547627736,0.17146041771661888,1.5707963267948963,0.6935983780652787,2.899931680236732
0.4833219467061216,-6.283185307179586,6.283185307179586,3.141592653589793,-6.283185307179586,0.0,0.4833219948522729,-6.283185246320483,6.283186051453255,3.1415924866748006,-6.283185492639111,-7.687757914426538e-08,4.8146151065964204e-08,6.085910353448298e-08,7.442736684737383e-07,-1.6691499249432695e-07,-1.8545952507054153e-07,-7.687757896945868e-08,-0.30072906387553683,-0.409851820955505,0.23719999999999997,-1.5707963267948966,-1.2246467991473532e-16,-2.6582707068836715
-5.316541413767342,6.283185307179586,-0.8975979010256552,6.283185307179586,0.0,0.0,-5.316540859580301,6.283185741334918,-0.8975979192342719,6.2831855293112895,-2.123834664699607e-07,2.9944188386707236e-07,5.541870411462924e-07,4.3415533212964874e-07,-1.8208616836545843e-08,2.2213170325358078e-07,-2.123834663692037e-07,2.994418837332091e-07,-0.06812161725433928,-0.4915161405906527,0.26532161747354116,1.5707963267948966,0.8975979010256556,0.9666438934122442
-0.4833219467061225,-0.571198664289053,0.8975979010256552,6.283185307179586,6.283185307179586,0.0,-0.4833219110428093,-0.5711986460216842,0.8975984655368194,6.283185599655447,6.283185157961962,8.32468066468442e-08,3.566331319149185e-08,1.8267368950830587e-08,5.645111640362188e-07,2.9247586041947216e-07,-1.492176240347476e-07,8.32468067812897e-08,-0.4397023947666348,-0.02124341334165248,0.1343200271730529,1.5707963267948966,-0.32639923673660187,-0.4833219467061222
6.283185307179586,-1.7135959928671598,4.487989505128276,-3.141592653589793,0.0,0.0,6.283185822867722,-1.713596196206449,4.487989316836482,-3.141592612240501,-3.450879171904091e-07,-4.3207352789426283e-07,5.156881357493148e-07,-2.033392894063013e-07,-1.882917937123807e-07,4.134929199040016e-08,-3.45087917352771e-07,-4.3207352806717836e-07,0.20300724471463255,-0.22315000000000007,0.23672136449205392,1.5707963267948966,0.36719914132867704,-2.684820387048759e-16
-0.4833219467061225,3.9983906500233726,-2.6927937030769655,-6.283185307179586,0.0,0.0,-0.4833222955380408,3.998390512113312,-2.6927939948658164,-6.2831850640124225,3.8475579744771664e-07,-2.0045875793776534e-07,-3.4883191846191153e-07,-1.3791006070462686e-07,-2.9178885085912043e-07,2.4316716373817826e-07,3.847557974445692e-07,-2.0045875803731406e-07,0.06097186845265709,-0.284017537660587,0.1077958462793465,1.5707963267948963,-1.3055969469464073,-0.4833219467061222
-4.349897520355098,-6.283185307179586,-2.6927937030769655,-6.283185307179586,0.0,0.0,-4.3498972340497,-6.283185205749871,-2.69279393461673,-6.28318547352275,3.5159794880549013e-07,-2.0602724292259734e-07,2.863053980561858e-07,1.0142971529347733e-07,-2.3153976425049905e-07,-1.66343164131888e-07,3.515979489776555e-07,-2.060272428217047e-07,0.24002978101670164,-0.0036145694142266094,0.3212517060553348,-1.5707963267948966,0.44879895051282825,-1.2083048667653047
-4.349897520355098,-0.571198664289053,-0.8975979010256552,3.141592653589793,0.0,0.0,-4.3498972601706845,-0.5711990760975809,-0.8975986702137829,3.141592774139959,-3.167367895607755e-07,2.2748123362784686e-07,2.6018441356967514e-07,-4.1180852772271237e-07,-7.691881278582002e-07,1.2055016584966438e-07,-3.167367896850237e-07,2.2748123384985774e-07,0.2588926858631324,-0.05335196181944359,0.5043055630115963,-1.5707963267948961,-1.4687965653147081,-1.2083048667653056
-4.349897520355098,-0.571198664289053,0.8975979010256552,-3.141592653589793,6.283185307179586,0.0,-4.3498975249256295,-0.5711984440633948,0.8975979125707849,-3.1415926249169273,6.283184839272431,-2.2921904364341092e-07,-4.570531508818476e-09,2.202256581540496e-07,1.154512974110844e-08,2.867286585939155e-08,-4.6790715479971823e-07,-2.29219043745843e-07,0.36261729912055185,-0.3268512893972852,0.29600758102988195,-1.5707963267948966,0.3263992367366022,-1.2083048667653051
-2.4166097335306103,-2.8559933214452666,-6.283185307179586,3.141592653589793,0.0,0.0,-2.4166096427510584,-2.8559936387827687,-6.283184889461035,3.141592710985524,5.16832611125618e-07,3.589192059568352e-07,9.077955187564157e-08,-3.1733750205376055e-07,4.177185513043469e-07,5.73957308347417e-08,5.168326109306065e-07,3.589192059116897e-07,-0.4940080656390463,-0.13952764463855666,0.1986386200393257,1.5707963267948966,-0.28559933214452676,-2.4166097335306103
0.4833219467061216,3.9983906500233726,4.487989505128276,6.283185307179586,0.0,0.0,0.483321623879203,3.9983905100147363,4.487990034532574,6.283185307848053,-3.5126045548522202e-09,6.88407482865413e-08,-3.2282691853069423e-07,-1.4000863624019644e-07,5.294042981773828e-07,6.684670594836462e-10,-3.512604429545263e-09,6.884074821300601e-08,0.4174680133015106,-0.03291291694605945,0.21439188180586044,-1.5707963267948966,-0.9383978056177316,-2.658270706883672
0.4833219467061216,5.14078797860148,4.487989505128276,0.0,-6.283185307179586,0.0,0.4833213619944,5.1407879817377475,4.487989426806489,7.75432383743958e-08,-6.283185852692186,-5.344047782088655e-08,-5.84711721707265e-07,3.1362672459067653e-09,-7.832178727795736e-08,7.754323849695766e-08,-5.455125995368348e-07,-5.3440477820743126e-08,0.18367200399884148,-0.155618528412375,0.5001627298469625,-1.5707963267948966,0.20399952296037646,-2.6582707068836715
-0.4833219467061225,3.9983906500233726,4.487989505128276,-6.283185307179586,0.0,0.0,-0.4833220227403623,3.998390680591527,4.487988881337429,-6.283184964754054,-6.134504041900981e-07,7.264413410542995e-08,-7.603423979318791e-08,3.0568154230081745e-08,-6.237908465323017e-07,3.424255323736247e-07,-6.134504042520916e-07,7.264413426355532e-08,0.21006206161837654,-0.36226610730296843,0.21439188180586047,-1.5707963267948966,-0.9383978056177311,2.6582707068836706
-2.4166097335306103,-0.571198664289053,2.6927937030769655,6.283185307179586,-6.283185307179586,0.0,-2.4166091557917655,-0.5711984619371997,2.692793633932297,6.2831855326286625,-6.2831848821215495,-5.949636430506499e-07,5.777388447647525e-07,2.02351853495486e-07,-6.914466865737268e-08,2.2544907629651334e-07,4.2505803676817777e-07,-5.949636432411864e-07,-0.13257301890568907,0.1806758655405954,0.1465233643650012,-1.570796326794897,-1.019997614801881,0.7249829200591834
0.4833219467061216,6.283185307179586,4.487989505128276,3.141592653589793,6.283185307179586,0.0,0.48332175650464426,6.2831851882416485,4.4879893674436255,3.141593066330989,6.28318591706956,-3.284799438088364e-07,-1.9020147723480818e-07,-1.1893793772088657e-07,-1.3768465034758037e-07,4.127411958876337e-07,6.098899740791808e-07,-3.284799436897856e-07,0.00373637223233432,-0.25005603308296903,0.3407124691639934,1.5707963267948952,-1.3463968515384823,0.483321946706123
-4.349897520355098,-0.571198664289053,4.487989505128276,-6.283185307179586,0.0,0.0,-4.349898005127454,-0.5711985733473901,4.48798922107286,-6.28318565371691,-9.75826570818375e-08,-2.2506703135672768e-07,-4.847723555911898e-07,9.094166308898366e-08,-2.840554156335884e-07,-3.465373241695602e-07,-9.758265706594216e-08,-2.2506703123426064e-07,0.24848346858674814,-0.025905111584992424,0.49369672039452756,-1.5707963267948966,0.7751981872494299,-1.208304866765305
-5.316541413767342,5.14078797860148,4.487989505128276,-3.141592653589793,-6.283185307179586,0.0,-5.316541297944715,5.1407880063049705,4.487990218933694,-3.14159263740573,-6.283185719724822,4.1658141413405057e-07,1.1582262704479263e-07,2.770349016856244e-08,7.138054183286613e-07,1.618406297865249e-08,-4.1254523619471684e-07,4.1658141425315875e-07,0.25459765860210615,-0.023976553297033402,0.3330023379470708,1.5707963267948966,-0.20399952296037657,0.9666438934122441
-2.4166097335306103,-6.283185307179586,-0.8975979010256552,6.283185307179586,-6.283185307179586,0.0,-2.4166104023344452,-6.283185918883553,-0.8975983353339559,6.283185244505749,-6.283184900217005,5.759736516399232e-07,-6.688038349800252e-07,-6.117039665909374e-07,-4.3430830087842764e-07,-6.267383767522006e-08,4.069625809677291e-07,5.759736514399094e-07,0.18376963855643905,0.46093100475376225,0.265321617473541,1.5707963267948961,0.8975979010256552,-2.4166097335306107
4.349897520355098,-0.571198664289053,-0.8975979010256552,6.283185307179586,6.283185307179586,0.0,4.349897884628911,-0.5711985028548044,-0.8975976515144418,6.283184724820512,6.2831852983382195,-1.102194771921656e-07,3.6427381289172445e-07,1.6143424863557243e-07,2.495112134681676e-07,-5.82359073852956e-07,-8.841366749834378e-09,-1.1021947710077029e-07,-0.09818861719463703,0.3703898419776687,0.4869243791812516,1.5707963267948983,1.4687965653147084,-1.9332877868244869
-5.316541413767342,5.14078797860148,0.8975979010256552,-3.141592653589793,6.283185307179586,0.0,-5.316541390237825,5.140787901731155,0.8975983134412672,-3.141592802015988,6.2831848128418075,3.270299643527923e-07,2.3529517001463773e-08,-7.687032521630499e-08,4.124156118834321e-07,-1.484261948903054e-07,-4.9433777871144e-07,3.2702996444200494e-07,0.020425443842485666,-0.3632335758402038,0.5078677661251122,-1.5707963267948966,-0.24479942755245093,-2.174948760177549
5.316541413767341,-2.8559933214452666,2.6927937030769655,-6.283185307179586,6.283185307179586,0.0,5.316541465749302,-2.855993646124466,2.6927935713401494,-6.283185127918043,6.283185268751369,7.49565915472607e-08,5.1981960957903084e-08,-3.246791995259457e-07,-1.3173681612244081e-07,1.792615433870992e-07,-3.842821705291044e-08,7.495659160028367e-08,-0.17828059454978423,-0.13454090844994748,0.17088996686545965,1.5707963267948966,0.16319961836830085,-0.966643893412245
0.4833219467061216,-0.571198664289053,6.283185307179586,-6.283185307179586,6.283185307179586,0.0,0.48332163903856235,-0.5711987829881863,6.283185333693332,-6.283185075820672,6.283185230759543,-1.545214947957738e-07,-3.0766755942934765e-07,-1.186991331891818e-07,2.651374586548627e-08,2.3135891424885813e-07,-7.642004362651278e-08,-1.545214947107354e-07,-0.2773851180549643,-0.3975999730540224,0.32698670434570276,1.5707963267948968,0.5711986642890531,0.48332194670612183
4.349897520355098,2.8559933214452666,2.6927937030769655,3.141592653589793,6.283185307179586,0.0,4.349897457429019,2.8559934963714753,2.6927937316939676,3.1415925166469063,6.28318530963028,2.91926910640742e-07,-6.292607945823647e-08,1.7492620862924468e-07,2.861700210132767e-08,-1.3694288680810018e-07,2.4506938700596947e-09,2.9192691064494625e-07,-0.255682498061224,-0.044887392247691,0.2894577072834519,-1.5707963267948963,-0.7343982826573546,1.2083048667653045
-6.283185307179586,-1.7135959928671598,-0.8975979010256552,-6.283185307179586,6.283185307179586,0.0,-6.283185378045797,-1.7135961145695322,-0.897598090490806,-6.283186073235498,6.283185282229229,-4.138753355107296e-07,-7.086621067742271e-08,-1.2170237262409955e-07,-1.8946515067952419e-07,-7.660559120381549e-07,-2.4950357335740136e-08,-4.138753353366553e-07,0.17539162133019148,-0.2231499999999999,0.5743974361982396,-1.5707963267948968,0.5303987596969786,3.141592653589793
-2.4166097335306103,-1.7135959928671598,-4.487989505128276,3.141592653589793,0.0,0.0,-2.416610169850688,-1.7135959967382077,-4.487989694111327,3.14159274646591,-3.405871298818967e-07,-2.0745105357092641e-07,-4.363200778456644e-07,-3.871047926651272e-09,-1.8898305143011385e-07,9.287611701935816e-08,-3.405871300543595e-07,-2.0745105366870575e-07,-0.009661040209915477,0.28956637678779795,0.4606092378337467,-1.5707963267948966,0.08159980918415066,0.724982920059183
-6.283185307179586,-0.571198664289053,2.6927937030769655,0.0,6.283185307179586,0.0,-6.283185396470026,-0.5711989891380984,2.6927933655327116,-7.62810864695775e-07,6.283185878113491,-2.4266004718937056e-07,-8.929043993077812e-08,-3.2484904544105575e-07,-3.3754425388110576e-07,-7.628108646962062e-07,5.709339045978368e-07,-2.4266004716722023e-07,-0.02057793066883722,-0.22315000000000002,0.14652336436500127,-1.5707963267948961,-1.0199976148018808,3.141592653589793
3.383253626942853,-0.571198664289053,-2.6927937030769655,0.0,0.0,0.0,3.383253494248691,-0.5711991699372284,-2.692793771338262,1.193856905004378e-07,4.308980644240637e-07,-6.901130462721993e-08,-1.326941618806643e-07,-5.056481753307196e-07,-6.826129661519076e-08,1.193856906667179e-07,4.3089806434082334e-07,-6.901130467085181e-08,-0.07004367657909152,0.21256417975431424,0.3422040169213491,-1.5707963267948966,-0.12239971377622524,0.2416609733530598
3.383253626942853,6.283185307179586,4.487989505128276,-3.141592653589793,0.0,0.0,3.3832531917237567,6.28318473807639,4.487989719783249,-3.1415930607706866,-1.4762928370455e-07,-5.727772396217255e-07,-4.352190963174962e-07,-5.691031965682214e-07,2.1465497290762414e-07,-4.0718089344693453e-07,-1.4762928390865682e-07,-5.727772394159558e-07,0.05621452562051953,0.24368403162273355,0.3407124691639934,1.5707963267948963,-1.3463968515384825,-2.899931680236733
6.283185307179586,2.8559933214452666,-4.487989505128276,3.141592653589793,6.283185307179586,0.0,6.283185461977312,2.855993434228832,-4.487989210018279,3.1415922112991277,6.283185397730521,9.407402212198448e-08,1.547977257487787e-07,1.1278356515376231e-07,2.951099968839799e-07,-4.4229066542555984e-07,9.055093475041076e-08,9.407402190575453e-08,0.3319143937880815,-0.22315000000000007,0.29081475059495143,1.5707963267948917,-1.5095964699067839,4.758974408795346e-15
-4.349897520355098,3.9983906500233726,6.283185307179586,6.283185307179586,0.0,0.0,-4.34989733685555,3.998390541894697,6.283185282287094,6.283184965089371,-5.376602855695514e-07,1.7362927759571258e-08,1.8349954800100932e-07,-1.0812867579090835e-07,-2.4892492511696673e-08,-3.4209021482212165e-07,-5.376602856266288e-07,1.7362927540176543e-08,0.1254570028084005,0.29848901829381536,0.5529309817285374,-1.5707963267948966,0.8567979964335789,-1.2083048667653047
-6.283185307179586,3.9983906500233726,6.283185307179586,-3.141592653589793,-6.283185307179586,0.0,-6.283185431479785,3.998389837595716,6.283185680225364,-3.1415926014650193,-6.28318523658276,1.4753488472419825e-08,-1.243001985784531e-07,-8.124276567045285e-07,3.7304577737984346e-07,5.2124773830541926e-08,7.059682616272767e-08,1.4753488652985425e-08,0.36361086640064516,-0.2231499999999999,0.44114625444407707,1.5707963267948968,-0.8567979964335792,-5.84222303218676e-17
5.316541413767341,-6.283185307179586,-2.6927937030769655,-3.141592653589793,6.283185307179586,0.0,5.3165419702919765,-6.2831855648570665,-2.692793805589403,-3.141593323428772,6.283185815950045,4.7123281041328595e-08,5.565246352645659e-07,-2.5767748024208004e-07,-1.0251243764969331e-07,-6.698389789505654e-07,5.087704586514974e-07,4.7123280833005765e-08,-0.19184685347441294,-0.11488678930287577,0.16745632030439198,1.5707963267948963,-0.4487989505128281,-0.966643893412245
-5.316541413767342,-6.283185307179586,4.487989505128276,-3.141592653589793,6.283185307179586,0.0,-5.316541892186585,-6.283185088021136,4.487989881787254,-3.141592818188669,6.283185312120589,3.0171021558366844e-07,-4.784192428886058e-07,2.1915845049846894e-07,3.766589777853824e-07,-1.6459887586250943e-07,4.941003162173274e-09,3.0171021547786836e-07,0.11951522619020273,-0.21967724248850665,0.34071246916399334,1.5707963267948952,-1.346396851538483,0.9666438934122455
2.41660973353061,3.9983906500233726,-4.487989505128276,0.0,-6.283185307179586,0.0,2.416610087452046,3.998391221052325,-4.487988977221067,-3.6059310413186536e-07,-6.283184622526546,3.285740975504573e-07,3.539214361580889e-07,5.710289525673318e-07,5.279072086139536e-07,-3.6059310426495017e-07,6.846530400395068e-07,3.285740977077012e-07,0.199473342457048,0.12140735069435889,0.3608515628261186,1.5707963267948963,0.4895988551049033,2.41660973353061
2.41660973353061,-2.8559933214452666,-6.283185307179586,-3.141592653589793,6.283185307179586,0.0,2.416609515785093,-2.855992997505899,-6.283185625092492,-3.141592595239883,6.283185258348853,-4.6019044346279944e-07,-2.1774551672848474e-07,3.2393936777452836e-07,-3.17912905778428e-07,5.834991023689895e-08,-4.883073323469489e-08,-4.601904435297399e-07,-0.19805642326617923,0.4735879915473192,0.1986386200393257,1.5707963267948966,-0.285599332144527,2.4166097335306103
-2.4166097335306103,3.9983906500233726,4.487989505128276,3.141592653589793,0.0,0.0,-2.416610652824572,3.998390174322675,4.48798922617773,3.14159267024791,1.944197312535567e-07,-3.0770198238656874e-09,-9.192939618429818e-07,-4.757006974998035e-07,-2.789505462175157e-07,1.6658116663847977e-08,1.9441973142519942e-07,-3.077019972153039e-09,-0.31015226597866774,0.023354380638531257,0.1134943324832155,1.5707963267948966,0.9383978056177315,-2.4166097335306103
5.316541413767341,3.9983906500233726,-0.8975979010256552,3.141592653589793,0.0,0.0,5.316542057456482,3.998390613673649,-0.8975978848790963,3.141592470945877,8.259999922366867e-08,-2.97999526587425e-07,6.436891410999124e-07,-3.634972367549949e-08,1.6146558756702234e-08,-1.8264391599132068e-07,8.259999928483808e-08,-2.979995263885371e-07,0.025985561207715432,-0.4304715246409615,0.24193771061158922,1.5707963267948966,0.04079990459207598,-0.9666438934122453
3.383253626942853,-0.571198664289053,2.6927937030769655,6.283185307179586,6.283185307179586,0.0,3.3832541831193192,-0.5711987077101314,2.692794048946584,6.283185543178686,6.283185664097679,3.5051976124448174e-07,5.561764662154189e-07,-4.3421078288474746e-08,3.458696182789822e-07,2.3599909937388475e-07,3.5691809241455985e-07,3.505197612163613e-07,-0.03342331708330008,0.22159028770629968,0.14652336436500124,-1.5707963267948961,-1.019997614801881,0.24166097335305917
6.283185307179586,-1.7135959928671598,-4.487989505128276,3.141592653589793,-6.283185307179586,0.0,6.283184797939031,-1.7135958212793556,-4.487989407408398,3.141592354071995,-6.2831852575125895,-6.237912230888886e-07,-5.092405555018331e-07,1.7158780440951205e-07,9.771987752316136e-08,-2.9951779811909773e-07,4.966699673758512e-08,-6.237912231199516e-07,-0.18478663307704535,-0.22314999999999996,0.4606092378337467,-1.5707963267948966,0.08159980918415066,-3.141592653589793
-0.4833219467061225,-1.7135959928671598,-6.283185307179586,0.0,-6.283185307179586,0.0,-0.4833220965318993,-1.7135961107477329,-6.283185290495333,-3.21211991395052e-07,-6.283185061715901,-2.2427990955498743e-08,-1.4982577667410624e-07,-1.1788057285855302e-07,1.6684253090204493e-08,-3.2121199122769895e-07,2.4546368493361115e-07,-2.242799101992432e-08,-0.1209507362956134,-0.18853718912186382,0.6160975150257411,-1.5707963267948946,1.4279966607226338,2.658270706883673
-2.4166097335306103,-2.8559933214452666,-6.283185307179586,0.0,6.283185307179586,0.0,-2.416609575862001,-2.85599301627579,-6.283185054030922,6.193063062256944e-07,6.283185389049996,-3.5345738830343377e-07,1.5766860927968196e-07,3.0516947679970485e-07,2.531486638090996e-07,6.193063062376325e-07,8.187041000695672e-08,-3.5345738824688056e-07,-0.4580108757722713,-0.10763691722818965,0.3624240706353204,-1.5707963267948966,0.2855993321445269,0.7249829200591827
2.41660973353061,-0.571198664289053,-2.6927937030769655,3.141592653589793,0.0,0.0,2.416609563482098,-0.5711983391451418,-2.6927933919719553,3.1415932792469894,6.870899279660927e-08,3.1552436022013946e-07,-1.7004851171620317e-07,3.251439109064336e-07,3.111050101978208e-07,6.256571962737212e-07,6.870899271760322e-08,3.1552436041693e-07,0.15074763368468436,0.1645745618596563,0.17278110854613066,1.5707963267948966,0.12239971377622537,2.41660973353061
2.41660973353061,-1.7135959928671598,-2.6927937030769655,0.0,6.283185307179586,0.0,2.416609714635666,-1.7135963086655817,-2.6927937253752443,-1.3641473529785978e-07,6.283185139103777,-5.563234757299215e-07,-1.889494383178203e-08,-3.157984220791832e-07,-2.2298278778976055e-08,-1.364147355076284e-07,-1.680758092703627e-07,-5.563234757310909e-07,0.013040552413073211,0.2865723902335757,0.21533628237667685,-1.5707963267948957,-1.2647970423543322,-0.7249829200591844
-2.4166097335306103,3.9983906500233726,-4.487989505128276,6.283185307179586,6.283185307179586,0.0,-2.4166101053405566,3.9983908252778444,-4.487989257927616,6.28318502632033,6.2831852253980145,-2.1670367962759115e-07,-3.7180994638674747e-07,1.7525447182364928e-07,2.472006599418819e-07,-2.80859255852306e-07,-8.178157173688305e-08,-2.167036794453736e-07,-0.09647829991581891,0.21265299621440348,0.3608515628261186,1.5707963267948968,0.4895988551049036,-2.41660973353061
6.283185307179586,-0.571198664289053,6.283185307179586,3.141592653589793,6.283185307179586,0.0,6.283185029533471,-0.571198964178878,6.283184951053787,3.141592856712519,6.283185064509608,-3.6184748574952136e-07,-2.7764611498781733e-07,-2.998898249728654e-07,-3.561257990725153e-07,2.0312272575040424e-07,-2.426699783342201e-07,-3.6184748575252e-07,-0.33809885735080686,-0.2231499999999999,0.4705886823999854,-1.5707963267948963,-0.5711986642890534,3.1415926535897927
2.41660973353061,6.283185307179586,4.487989505128276,-6.283185307179586,0.0,0.0,2.416609706559096,6.283185567194382,4.487989836594127,-6.283185072643963,-4.3543990904584743e-07,5.542540274226385e-08,-2.6971513911178135e-08,2.6001479547232975e-07,3.3146585121102135e-07,2.345356229227491e-07,-4.3543990901895313e-07,5.54254029339063e-08,0.35704882103855173,-0.018192341742718415,0.37869679259033634,-1.5707963267948963,1.3463968515384825,-0.724982920059183
-3.3832536269428544,-1.7135959928671598,0.8975979010256552,6.283185307179586,0.0,0.0,-3.3832530018049343,-1.713595710546781,0.8975980412077653,6.283185076140032,5.955218960001565e-07,-1.9979056485698646e-08,6.251379200961082e-07,2.823203786306294e-07,1.4018211036415096e-07,-2.310395545990218e-07,5.955218957964803e-07,-1.997905663131405e-08,0.22194054679920813,0.17512496378121423,0.48974113523193874,1.5707963267948966,0.815998091841505,2.899931680236732
-0.4833219467061225,-6.283185307179586,4.487989505128276,0.0,0.0,0.0,-0.4833220023853539,-6.283185130633169,4.48799012863032,8.552682954270147e-08,1.8332806941779847e-07,-4.456594129112646e-07,-5.567923144766951e-08,1.7654641748521271e-07,6.235020437728167e-07,8.552682961848745e-08,1.8332806961396386e-07,-4.456594129287339e-07,-0.3510273435581057,-0.0677836704350194,0.3786967925903362,-1.5707963267948963,1.346396851538483,2.658270706883671
-5.316541413767342,3.9983906500233726,-6.283185307179586,6.283185307179586,-6.283185307179586,0.0,-5.316541532431112,3.998390456219066,-6.283185729492952,6.283185099821573,-6.283185083541899,1.5473068863379332e-07,-1.1866376947722301e-07,-1.9380430638094026e-07,-4.2231336561115995e-07,-2.073580134265285e-07,2.2363768703570486e-07,1.54730688706195e-07,0.3169193467282504,0.06631199940441872,0.5529309817285375,-1.5707963267948963,0.8567979964335793,-2.1749487601775486
-3.3832536269428544,-1.7135959928671598,4.487989505128276,6.283185307179586,6.283185307179586,0.0,-3.38325351255937,-1.7135958016031374,4.48798954674454,6.283185523741088,6.283185399674513,1.4316145196285148e-07,1.1438348446191071e-07,1.9126402239777462e-07,4.1616264212507303e-08,2.1656150206439406e-07,9.249492638474521e-08,1.4316145202641906e-07,-0.20320595691645857,0.27991416549256853,0.3960419086331324,-1.5707963267948966,-0.3671991413286774,-0.24166097335306144
-4.349897520355098,-1.7135959928671598,-4.487989505128276,0.0,0.0,0.0,-4.3498971891621405,-1.7135958922877046,-4.48798897679291,2.278707768478064e-07,1.6531773945427442e-07,-6.264726336916503e-07,3.3119295750339006e-07,1.0057945498687104e-07,5.283353656793111e-07,2.2787077691432955e-07,1.653177394977945e-07,-6.264726337690263e-07,0.2692412748428358,-0.08063894837396668,0.2904772280019879,1.5707963267948966,-0.0815998091841508,1.9332877868244884
-3.3832536269428544,-1.7135959928671598,-4.487989505128276,6.283185307179586,-6.283185307179586,0.0,-3.3832538771516196,-1.713596000947577,-4.487989901108112,6.283185495419099,-6.283184875923174,-1.2030209701167187e-07,-2.50208765262272e-07,-8.080417224221037e-09,-3.9597983647610135e-07,1.8823951286606189e-07,4.3125641191466e-07,-1.2030209717295293e-07,0.2193110300775752,0.17577308144356918,0.2904772280019879,1.5707963267948966,-0.08159980918415054,2.899931680236732
-1.4499658401183666,-6.283185307179586,-2.6927937030769655,6.283185307179586,6.283185307179586,0.0,-1.4499661453298234,-6.2831856122017955,-2.692793114252688,6.283185681219956,6.28318522265886,-6.771450268396728e-07,-3.052114569968012e-07,-3.05022209268202e-07,5.888242773366414e-07,3.740403693441863e-07,-8.452072641773611e-08,-6.771450267173407e-07,-0.23218992873625438,0.06095242308907096,0.3212517060553349,-1.5707963267948968,0.44879895051282775,1.6916268134714263
-1.4499658401183666,-2.8559933214452666,6.283185307179586,3.141592653589793,0.0,0.0,-1.4499653679850462,-2.855993420875855,6.283185140874691,3.1415927272440713,6.930036187985414e-07,-6.076232756763376e-08,4.7213332043938294e-07,-9.943058820738315e-08,-1.6630489518831837e-07,7.365427823202708e-08,6.930036189345401e-07,-6.076232761387246e-08,-0.16579956630671755,-0.4858214037558658,0.19863862003932564,1.5707963267948966,-0.28559933214452626,-1.4499658401183666
-2.4166097335306103,-2.8559933214452666,2.6927937030769655,-3.141592653589793,6.283185307179586,0.0,-2.4166098454162004,-2.855993982777159,2.692794540795063,-3.1415927739755554,6.283185307083166,4.1149893546289975e-07,-1.1188559012609289e-07,-6.613318923598399e-07,8.377180975571719e-07,-1.2038576224782105e-07,-9.64206492426456e-11,4.114989353709575e-07,-0.17580900819552459,0.14237212144660608,0.3393217860733526,-1.5707963267948966,-0.163199618368301,0.7249829200591827
5.316541413767341,-6.283185307179586,-0.8975979010256552,3.141592653589793,6.283185307179586,0.0,5.3165410493650915,-6.283185842479892,-0.8975982686374429,3.1415923790841935,6.2831858016997195,1.6306648876132423e-07,-3.64402249708462e-07,-5.35300305415376e-07,-3.6761178767719116e-07,-2.7450559958452914e-07,4.945201332873239e-07,1.6306648875641372e-07,-0.3596061714478362,0.12815454153118078,0.3717513266508268,-1.5707963267948961,-0.8975979010256551,2.1749487601775477
2.41660973353061,3.9983906500233726,-2.6927937030769655,6.283185307179586,-6.283185307179586,0.0,2.4166101782801386,3.998390579864584,-2.692794642583269,6.283185535941189,-6.283184985608213,3.6899122334880977e-07,4.4474952876072393e-07,-7.015878855654023e-08,-9.395063034212114e-07,2.287616025498096e-07,3.2157137308530537e-07,3.6899122335398715e-07,0.008769708927274772,0.29035602739864375,0.10779584627934645,1.5707963267948972,-1.3055969469464068,2.416609733530609
-3.3832536269428544,5.14078797860148,0.8975979010256552,0.0,0.0,0.0,-3.383253176604217,5.140788387572858,0.897598287119945,-4.530695684960694e-07,2.524476401656909e-07,2.1800750393863779e-07,4.5033863749210923e-07,4.0897137765227853e-07,3.860942898725739e-07,-4.530695685289743e-07,2.5244764012555265e-07,2.1800750404921132e-07,0.3725553092275073,0.13800175899681805,0.3422570235086193,1.5707963267948966,0.24479942755245104,2.8999316802367323
5.316541413767341,5.14078797860148,-2.6927937030769655,3.141592653589793,-6.283185307179586,0.0,5.316541928712703,5.140788227099438,-2.6927938893690615,3.141593092851925,-6.2831851535173495,-1.684321269776209e-07,5.149453619068822e-07,2.4849795732251323e-07,-1.8629209597165186e-07,4.3926213200151665e-07,1.5366223671264834e-07,-1.6843212691242115e-07,-0.17899017168204628,-0.13351290849955608,0.17146041771661888,1.5707963267948963,0.6935983780652787,-0.9666438934122457
-3.3832536269428544,-1.7135959928671598,0.8975979010256552,6.283185307179586,-6.283185307179586,0.0,-3.383253726629177,-1.713595370596086,0.8975979961768336,6.283185436745315,-6.283185301339021,-1.9764827964279226e-07,-9.968632275203504e-08,6.222710737802117e-07,9.515117849190347e-08,1.295657288125085e-07,5.840565364678696e-09,-1.976482795207346e-07,0.22194054679920813,0.17512496378121423,0.48974113523193874,1.5707963267948963,0.815998091841505,2.8999316802367314
4.349897520355098,-2.8559933214452666,0.8975979010256552,6.283185307179586,6.283185307179586,0.0,4.349897533645758,-2.8559939508967114,0.8975974032512795,6.283185359449041,6.283185344031218,4.381499779684914e-07,1.3290660128006948e-08,-6.294514447446886e-07,-4.977743754963626e-07,5.22694545423974e-08,3.68516319682044e-08,4.3814997807700706e-07,-0.29206908792834696,-0.1408309445925053,0.4501100734981429,-1.570796326794897,1.1831972331701817,1.2083048667653042
-5.316541413767342,5.14078797860148,2.6927937030769655,6.283185307179586,0.0,0.0,-5.316541632208932,5.140788388510331,2.6927930958874775,6.283185317922636,-6.034790554151624e-08,-9.912146437911791e-08,-2.184415901496095e-07,4.0990885086245044e-07,-6.071894880221862e-07,1.0743050005146415e-08,-6.034790533959722e-08,-9.912146436974467e-08,0.1721790239715109,-0.14338055951336207,0.15849421821229767,1.5707963267948937,-1.5503963744988591,0.9666438934122491
0.4833219467061216,5.14078797860148,-6.283185307179586,0.0,0.0,0.0,0.48332160268519886,5.14078858361876,-6.283185612637031,-2.0694906139963474e-07,3.7313463746608543e-07,-1.6273553755732438e-07,-3.4402092286001107e-07,6.050172798310882e-07,-3.054574451155645e-07,-2.0694906144314018e-07,3.731346374102884e-07,-1.627355374900219e-07,-0.1330483950620451,-0.3218462170138069,0.531868742518465,1.5707963267948966,1.142397328578106,0.48332194670612144
3.383253626942853,-6.283185307179586,-2.6927937030769655,3.141592653589793,6.283185307179586,0.0,3.383253059084493,-6.283185961430537,-2.6927934689387225,3.141592948034359,6.283185295457174,-8.005639640689792e-08,-5.678583598900389e-07,-6.542509511930916e-07,2.3413824301599107e-07,2.94444566062424e-07,-1.1722412374126634e-08,-8.005639662300723e-08,-0.03939118226240567,0.2201193410500908,0.16745632030439198,1.5707963267948963,-0.4487989505128279,-2.899931680236733
2.41660973353061,-2.8559933214452666,-4.487989505128276,-3.141592653589793,0.0,0.0,2.4166093516467613,-2.8559933993428626,-4.487990105245155,-3.141592259219696,2.1232765667625265e-07,9.939656315566633e-08,-3.8188384854365154e-07,-7.789759592924383e-08,-6.001168788571931e-07,3.9437009702325554e-07,2.123276567900234e-07,9.939656298030286e-08,-0.004790836251716946,0.30236962211088947,0.4482010565598744,-1.5707963267948966,-1.0607975193939558,-0.7249829200591834
6.283185307179586,-6.283185307179586,6.283185307179586,3.141592653589793,0.0,0.0,6.283184946736092,-6.283185414750132,6.28318539468224,3.1415929002771033,9.325390756190263e-08,-1.8517451212534684e-07,-3.6044349460695457e-07,-1.0757054536014721e-07,8.750265401147317e-08,2.466873101347744e-07,9.32539077069805e-08,-1.8517451216837344e-07,-0.45675000000000004,-0.2231499999999999,0.23719999999999997,-1.5707963267948966,-1.2246467991473532e-16,3.141592653589793
-6.283185307179586,-2.8559933214452666,6.283185307179586,6.283185307179586,-6.283185307179586,0.0,-6.283184982279114,-2.8559936731767936,6.2831849881907385,6.283185400351063,-6.283184884201384,-3.945118493869963e-07,3.249004718597348e-07,-3.517315270151755e-07,-3.18988847780588e-07,9.317147675602655e-08,4.2297820179726386e-07,-3.9451184941086126e-07,0.4142025419720058,-0.2231499999999999,0.36242407063532034,-1.5707963267948966,0.28559933214452615,-3.1415926535897927
-0.4833219467061225,5.14078797860148,-0.8975979010256552,0.0,-6.283185307179586,0.0,-0.483321688718633,5.140787774467636,-0.8975979541855162,-3.6679747127922485e-07,-6.283185724828087,-3.2292161965544715e-07,2.5798748959360296e-07,-2.0413384405060242e-07,-5.315986095766334e-08,-3.667974710630517e-07,-4.176485006723851e-07,-3.2292161966651634e-07,-0.1753342168774513,-0.15999453666870775,0.6021433930213445,-1.570796326794896,1.101597423986032,2.6582707068836715
-0.4833219467061225,-0.571198664289053,0.8975979010256552,6.283185307179586,-6.283185307179586,0.0,-0.48332220505335544,-0.5711986174881735,0.8975981487449993,6.28318542428657,-6.283185549757425,-1.2537757874166081e-08,-2.583472329398262e-07,4.680087961617119e-08,2.477193441485781e-07,1.1710698366584893e-07,-2.425778387049604e-07,-1.25377579429653e-08,-0.43970239476663486,-0.021243413341652452,0.1343200271730529,1.5707963267948966,-0.32639923673660187,-0.4833219467061227
5.316541413767341,6.283185307179586,4.487989505128276,3.141592653589793,-6.283185307179586,0.0,5.3165415767954745,6.28318512977434,4.487990034630083,3.14159212305882,-6.283185702888003,-5.607973295258689e-07,1.6302813321544818e-07,-1.7740524604903385e-07,5.295018068451895e-07,-5.30530972930876e-07,-3.9570841714464677e-07,-5.607973294630142e-07,-0.24778247315813612,-0.03385005397760799,0.3407124691639934,1.5707963267948974,-1.3463968515384823,-0.9666438934122461
-1.4499658401183666,-0.571198664289053,2.6927937030769655,0.0,-6.283185307179586,0.0,-1.4499659519876393,-0.571198740889355,2.6927940378197293,-9.652770665007123e-08,-6.283184949227274,4.60541100662103e-08,-1.1186927295625537e-07,-7.660030210132618e-08,3.347427637301337e-07,-9.652770671664257e-08,3.5795231223545443e-07,4.605410985902836e-08,-0.2240033807043266,-0.006469865813445967,0.14652336436500124,-1.570796326794897,-1.0199976148018808,1.691626813471427
-0.4833219467061225,-1.7135959928671598,6.283185307179586,6.283185307179586,0.0,0.0,-0.4833223782493845,-1.713595553676365,6.283185738147186,6.2831853997474845,-1.3479716423139812e-07,7.544677346182826e-07,-4.3154326201388926e-07,4.3919079484311396e-07,4.3096759938521245e-07,9.256789823552936e-08,-1.3479716409747766e-07,7.544677345094897e-07,-0.12095073629561331,-0.18853718912186387,0.6160975150257411,-1.5707963267948961,1.4279966607226329,2.658270706883671
3.383253626942853,2.8559933214452666,0.8975979010256552,-6.283185307179586,0.0,0.0,3.383253295829099,2.8559934095032284,0.8975978756275771,-6.283185979376285,7.174231304964354e-07,3.5796784173869523e-07,-3.311137541928133e-07,8.80579618112165e-08,-2.5398078307148353e-08,-6.721966991918293e-07,7.174231306805723e-07,3.579678415910337e-07,-0.40212196943369244,0.13071423177220542,0.27557748212180677,-1.5707963267948966,0.6119985688811287,0.2416609733530598
5.316541413767341,5.14078797860148,0.8975979010256552,-3.141592653589793,-6.283185307179586,0.0,5.316541224369018,5.140788239631945,0.8975977843253534,-3.1415923480691568,-6.283184985206755,4.4564173449343365e-07,-1.8939832280295832e-07,2.6103046479875047e-07,-1.1670030186650138e-07,3.055206363455909e-07,3.2197283150736666e-07,4.456417346254682e-07,-0.34687225550585304,0.10970627937408928,0.5078677661251122,-1.5707963267948966,-0.24479942755245093,2.174948760177548
-0.4833219467061225,5.14078797860148,2.6927937030769655,-3.141592653589793,0.0,0.0,-0.48332207880103034,5.140787591978828,2.692793324998063,-3.141592134853159,2.834205904269104e-07,8.378978729283081e-08,-1.3209490790089262e-07,-3.8662265211542035e-07,-3.7807890240770803e-07,5.187366340919652e-07,2.8342059055219693e-07,8.378978710865681e-08,-0.272697159920459,-0.108894522190762,0.16197624854501053,-1.5707963267948937,1.5503963744988594,2.658270706883672
-2.4166097335306103,3.9983906500233726,-0.8975979010256552,6.283185307179586,6.283185307179586,0.0,-2.416609970192245,3.9983900237391943,-0.8975976038132589,6.283185336764151,6.283184970658328,-5.2835333948361824e-08,-2.3666163473379243e-07,-6.262841782955775e-07,2.9721239602764626e-07,2.9584565020002174e-08,-3.3652125797090093e-07,-5.283533388578121e-08,-0.4294122789234668,-0.0823007712734745,0.41249565395970955,-1.5707963267948966,-0.0407999045920761,0.7249829200591829
-6.283185307179586,6.283185307179586,4.487989505128276,0.0,6.283185307179586,0.0,-6.283185261610925,6.283185102266139,4.4879904895874905,3.37669780799579e-07,6.28318513076352,1.3087081642015577e-07,4.556866084470812e-08,-2.049134470993863e-07,9.84459214592448e-07,3.376697805812512e-07,-1.7641606664398068e-07,1.3087081640605902e-07,-0.2793186341852323,-0.22315000000000007,0.37869679259033634,-1.5707963267948974,1.3463968515384823,3.1415926535897927
-5.316541413767342,-1.7135959928671598,-0.8975979010256552,3.141592653589793,-6.283185307179586,0.0,-5.3165412028181676,-1.7135962369499755,-0.8975979630197727,3.141592966281699,-6.283185650655582,-1.7816355733654839e-07,2.1094917457276097e-07,-2.4408281573684576e-07,-6.199411739515881e-08,3.126919057017119e-07,-3.434759960896372e-07,-1.7816355724065147e-07,0.33233689182353987,0.08864816960002504,0.4271506917551522,1.5707963267948968,-0.5303987596969781,0.966643893412244
2.41660973353061,5.14078797860148,4.487989505128276,-3.141592653589793,6.283185307179586,0.0,2.416609907883537,5.140788713123998,4.48798932752084,-3.1415930821555995,6.28318540850948,7.417594030472704e-07,1.743529272069111e-07,7.345225174759662e-07,-1.776074363135649e-07,-4.285658063984954e-07,1.0132989380906565e-07,7.417594032332886e-07,0.05449009379692609,0.24985130088050822,0.3330023379470708,1.5707963267948966,-0.20399952296037657,2.4166097335306103
3.383253626942853,3.9983906500233726,2.6927937030769655,-6.283185307179586,6.283185307179586,0.0,3.38325331918996,3.998390654755622,2.692793847509835,-6.283184817137316,6.283185709068731,3.1242609499454767e-07,-3.077528929473772e-07,4.7322492591206355e-09,1.4443286966425717e-07,4.900422698739249e-07,4.01889145074108e-07,3.124260947728885e-07,-0.051127525894269714,0.2172265921519,0.17297653629449,1.5707963267948963,-0.4079990459207518,-2.899931680236733
5.316541413767341,3.9983906500233726,-6.283185307179586,6.283185307179586,6.283185307179586,0.0,5.31654102616292,3.9983908313079612,-6.283185577869485,6.283185720517299,6.283185154650136,3.454881931358377e-07,-3.8760442144791796e-07,1.812845886739467e-07,-2.706898989401907e-07,4.1333771250151585e-07,-1.5252945040344912e-07,3.4548819316526647e-07,-0.0503783526200888,-0.31983929587053345,0.5529309817285375,-1.5707963267948968,0.8567979964335793,2.1749487601775477
-6.283185307179586,-2.8559933214452666,-0.8975979010256552,-6.283185307179586,6.283185307179586,0.0,-6.283184873565955,-2.8559935552072964,-0.8975983213853126,-6.283185325579002,6.283185544589078,-7.088510773573957e-08,4.336136312232952e-07,-2.3376202973324212e-07,-4.20359657304914e-07,-1.8399415324665824e-08,2.3740949206541018e-07,-7.088510756148025e-08,0.45722298017624413,-0.2231499999999999,0.16784071822315924,-1.5707963267948963,-0.6119985688811281,3.141592653589793
-2.4166097335306103,-2.8559933214452666,6.283185307179586,-3.141592653589793,0.0,0.0,-2.4166093069455052,-2.855993226200844,6.283185740217098,-3.1415928152695556,-2.3487748354365213e-07,-5.513347787006549e-07,4.265851050178071e-07,9.524442257102805e-08,4.3303751162682147e-07,-1.6167976246705962e-07,-2.348774836846701e-07,-5.513347787200473e-07,-0.49400806563904626,-0.1395276446385566,0.19863862003932564,1.5707963267948966,-0.28559933214452654,-2.4166097335306103
-6.283185307179586,-0.571198664289053,4.487989505128276,-6.283185307179586,6.283185307179586,0.0,-6.283185399058211,-0.5711985412878425,4.487989203075438,-6.28318556993035,6.2831851832092385,-1.4234329126298352e-07,-9.187862470838581e-08,1.2300121055019986e-07,-3.0205283785278425e-07,-2.6275076336901293e-07,-1.2397034776512328e-07,-1.4234329137607915e-07,-0.11233515241068734,-0.22315000000000002,0.49369672039452756,-1.5707963267948968,0.7751981872494299,3.141592653589793
-3.3832536269428544,3.9983906500233726,2.6927937030769655,-6.283185307179586,-6.283185307179586,0.0,-3.383253387585924,3.998390460713025,2.692794070088713,-6.2831849616235,-6.283185501912672,-4.217002574126786e-08,2.393569302761023e-07,-1.893103473982194e-07,3.6701174765951805e-07,3.4555608596775755e-07,-1.9473308565665093e-07,-4.217002569362194e-08,0.05567905507726714,0.2161047409653471,0.17297653629448997,1.5707963267948966,-0.4079990459207518,2.899931680236732
-3.3832536269428544,-1.7135959928671598,6.283185307179586,-3.141592653589793,6.283185307179586,0.0,-3.3832538079133374,-1.7135955447411968,6.2831847704788535,-3.141592030677306,6.283184626939983,-4.036412205272324e-07,-1.8097048304355212e-07,4.481259630040313e-07,-5.367007327450324e-07,6.229124869250313e-07,-6.802396033123159e-07,-4.036412204477813e-07,-0.09173655131073609,0.25243942460542523,0.5918043721324913,1.5707963267948946,-1.4279966607226333,2.899931680236734
-6.283185307179586,-0.571198664289053,4.487989505128276,6.283185307179586,0.0,0.0,-6.283185905950965,-0.5711991527146874,4.487989254042398,6.2831851591635886,3.10397635973523e-07,3.192184418243495e-08,-5.987713791455462e-07,-4.884256341597393e-07,-2.5108587831113027e-07,-1.4801599768077267e-07,3.1039763603857295e-07,3.192184427902589e-08,-0.11233515241068726,-0.22315000000000002,0.4936967203945276,-1.5707963267948966,0.7751981872494292,-3.141592653589793
2.41660973353061,-6.283185307179586,4.487989505128276,6.283185307179586,6.283185307179586,0.0,2.416609723220487,-6.283185074516557,4.487989344545252,6.283185480048899,6.283185384455608,-2.938298831189692e-07,-1.0310122977585934e-08,2.3266302928703908e-07,-1.6058302421129156e-07,1.7286931264237637e-07,7.72760220257851e-08,-2.938298830912345e-07,0.35704882103855184,-0.01819234174271847,0.37869679259033623,-1.5707963267948974,1.3463968515384825,-0.7249829200591843
6.283185307179586,-1.7135959928671598,6.283185307179586,3.141592653589793,-6.283185307179586,0.0,6.28318499531326,-1.7135956453259127,6.283185288336803,3.141593096659722,-6.283184928469563,2.2406757398145824e-08,-3.1186632654112145e-07,3.4754124733638037e-07,-1.884278333363909e-08,4.430699287460982e-07,3.787100233410001e-07,2.240675733844455e-08,0.14948356244586053,-0.22315000000000002,0.5918043721324913,1.570796326794898,-1.427996660722633,-1.5400878903066487e-15
2.41660973353061,5.14078797860148,4.487989505128276,3.141592653589793,0.0,0.0,2.416609934722434,5.140787974083947,4.48798998469407,3.141592595703307,3.2621761357265493e-07,-3.9985604020483863e-07,2.0119182408961933e-07,-4.51753301433655e-09,4.795657941869536e-07,-5.7886486271030435e-08,3.262176133667083e-07,-3.99856040278479e-07,0.05449009379692612,0.24985130088050822,0.3330023379470708,1.5707963267948966,-0.20399952296037635,2.41660973353061
-0.4833219467061225,-6.283185307179586,-6.283185307179586,3.141592653589793,6.283185307179586,0.0,-0.4833216108081557,-6.283185349525886,-6.283184783471631,3.1415927832953483,6.283185095476805,-5.7344878952950654e-08,3.358979667744677e-07,-4.234629980004456e-08,5.23707955224495e-07,1.297055551852111e-07,-2.1170278152737865e-07,-5.734487906750019e-08,-0.5081350155586707,0.01467279670647774,0.23719999999999986,-1.5707963267948966,3.6739403974420594e-16,2.6582707068836706
-3.3832536269428544,3.9983906500233726,4.487989505128276,-3.141592653589793,6.283185307179586,0.0,-3.383254308279637,3.9983907296167622,4.4879892451021695,-3.1415921388537926,6.2831854736594615,4.1372085581675343e-07,-6.813367825486694e-07,7.959338965690677e-08,-2.6002610642450463e-07,5.147360004897905e-07,1.664798752187835e-07,4.137208557963845e-07,-0.15696628995781559,0.2685171111932918,0.11349433248321547,1.5707963267948968,0.9383978056177311,2.8999316802367323
-4.349897520355098,6.283185307179586,-0.8975979010256552,3.141592653589793,0.0,0.0,-4.349897984073152,6.283185437491939,-0.8975975841990299,3.141592865491561,1.0334101094604854e-07,2.613575144425537e-07,-4.6371805417777523e-07,1.303123529083905e-07,3.168266253794627e-07,2.1190176768826063e-07,1.0334101085973657e-07,2.6135751429734455e-07,0.31848728042518487,-0.21048999326763088,0.37175132665082694,-1.5707963267948966,-0.8975979010256555,-1.208304866765305
2.41660973353061,-2.8559933214452666,0.8975979010256552,3.141592653589793,6.283185307179586,0.0,2.416608969502829,-2.8559933602019756,0.8975982385161084,3.1415928651838603,6.283185859406602,-4.4270831633819697e-07,-7.64027780597587e-07,-3.875670895325811e-08,3.3749045336151084e-07,2.1159406715653972e-07,5.522270161151255e-07,-4.427083162283907e-07,-0.1464027391444197,0.42782682057356347,0.3855911575642285,1.570796326794896,-1.1831972331701817,2.4166097335306107
-4.349897520355098,5.14078797860148,4.487989505128276,-3.141592653589793,-6.283185307179586,0.0,-4.349897300922045,5.1407883494327145,4.48798896844622,-3.1415921336662738,-6.28318521583818,1.9391992112256922e-07,2.1943305306137972e-07,3.7083123416437047e-07,-5.366820561292229e-07,5.199235193487084e-07,9.134140643851651e-08,1.9391992100992184e-07,0.16436027097534855,0.19590953064766928,0.3330023379470708,1.5707963267948966,-0.20399952296037657,1.9332877868244882
5.316541413767341,5.14078797860148,-0.8975979010256552,3.141592653589793,0.0,0.0,5.316540441008791,5.140788687703681,-0.8975976491703946,3.1415926510817154,2.1439491496022327e-08,-2.854703025152518e-07,-9.727585501551061e-07,7.091022009575454e-07,2.5185526064674946e-07,-2.5080777454888903e-09,2.1439491515451436e-08,-2.854703025079175e-07,-0.14311457906023609,-0.18548767735648786,0.5249576484481902,1.5707963267948966,-1.1015974239860318,-0.9666438934122452
-4.349897520355098,6.283185307179586,-2.6927937030769655,-3.141592653589793,0.0,0.0,-4.34989742751236,6.283185501009446,-2.6927939562956915,-3.1415921055398446,-2.048218471475118e-07,4.8663650370625744e-08,9.28427379420782e-08,1.9382985971816424e-07,-2.532187259873808e-07,5.480499485344126e-07,-2.0482184703851658e-07,4.866365044264853e-08,0.21376634087979834,0.06563643082327153,0.16745632030439195,1.5707963267948966,-0.4487989505128276,1.9332877868244884
-4.349897520355098,-2.8559933214452666,2.6927937030769655,3.141592653589793,-6.283185307179586,0.0,-4.349897944857808,-2.855993393573633,2.6927935969927743,3.1415922422424307,-6.283185147016521,2.3980889886480455e-07,-4.245027103166876e-07,-7.21283663907002e-08,-1.0608419120927692e-07,-4.1134736239456515e-07,1.601630650327479e-07,2.398088989608027e-07,0.19546297955039132,0.11389842822964892,0.3393217860733526,-1.5707963267948966,-0.1631996183683012,-1.2083048667653045
-1.4499658401183666,-1.7135959928671598,-2.6927937030769655,6.283185307179586,-6.283185307179586,0.0,-1.4499658002960196,-1.7135960138617152,-2.692793483891938,6.2831851778146435,-6.283185687198073,-4.350569275123584e-08,3.982234719757116e-08,-2.099455542747819e-08,2.1918502746132162e-07,-1.29364942758059e-07,-3.8001848690072393e-07,-4.350569282607353e-08,-0.1997936388333812,-0.205855028437829,0.21533628237667676,-1.5707963267948972,-1.2647970423543322,1.6916268134714272
1.4499658401183657,-1.7135959928671598,-4.487989505128276,6.283185307179586,6.283185307179586,0.0,1.4499657214563246,-1.713596274907068,-4.487990045479033,6.283184877391084,6.2831852302211155,-7.117831044632669e-07,-1.1866204108201828e-07,-2.820399078728997e-07,-5.403507570278521e-07,-4.2978850256503165e-07,-7.695847070721129e-08,-7.117831044567424e-07,0.20092652128551727,-0.19652490203013778,0.2904772280019879,1.5707963267948966,-0.08159980918415054,1.449965840118366
4.349897520355098,2.8559933214452666,0.8975979010256552,-6.283185307179586,0.0,0.0,4.349897371961231,2.855992710278473,0.8975983215337503,-6.283184929397227,-7.989449873629064e-08,-1.7841621943580502e-07,-1.4839386697218515e-07,-6.111667936181675e-07,4.205080950114848e-07,3.777823591732954e-07,-7.989449857248587e-08,-1.7841621957614962e-07,-0.33600701851259285,-0.25668574599947575,0.27557748212180677,-1.5707963267948966,0.6119985688811287,1.208304866765305
-3.3832536269428544,2.8559933214452666,2.6927937030769655,6.283185307179586,6.283185307179586,0.0,-3.3832539184843755,2.8559930600515373,2.69279375903634,6.283185257618826,6.283185367453524,8.213763830266615e-08,-2.9154152114685417e-07,-2.613937293283186e-07,5.5959374467562384e-08,-4.956075994044795e-08,6.027393784080459e-08,8.213763846853794e-08,0.03568972584246559,0.22103166811858363,0.1627583424866231,1.5707963267948968,0.7343982826573547,2.8999316802367323
-1.4499658401183666,-6.283185307179586,-0.8975979010256552,-3.141592653589793,-6.283185307179586,0.0,-1.4499662138611835,-6.283185203735853,-0.8975980195950111,-3.141593260525405,-6.2831858167474355,-1.9526787757470926e-07,-3.7374281713908886e-07,1.034437335789562e-07,-1.1856935611120889e-07,-6.069356119908775e-07,-5.095678492494926e-07,-1.952678774230776e-07,-0.25885906631838285,0.2805925316953622,0.37175132665082683,-1.5707963267948968,-0.8975979010256547,1.691626813471427
-4.349897520355098,3.9983906500233726,6.283185307179586,6.283185307179586,-6.283185307179586,0.0,-4.3498971975255944,3.9983898395211734,6.283185386223164,6.283184885125026,-6.283185044570229,-1.3201792314263733e-06,3.2282950357398477e-07,-8.105021991333672e-07,7.904357790522454e-08,-4.2205456018962195e-07,2.626093573709909e-07,-1.3201792312678151e-06,0.12545700280840047,0.2984890182938154,0.5529309817285374,-1.5707963267948963,0.8567979964335789,-1.2083048667653045
5.316541413767341,3.9983906500233726,-4.487989505128276,-6.283185307179586,0.0,0.0,5.316541151392323,3.9983903385593065,-4.487989679619325,-6.283185668355649,-2.795093290529852e-08,6.13236991587191e-07,-2.6237501860038037e-07,-3.1146406609394717e-07,-1.7449104916522629e-07,-3.611760623911664e-07,-2.7950933123577215e-08,6.132369914091385e-07,-0.22273169043410848,-0.07014237827429479,0.3608515628261186,1.5707963267948966,0.48959885510490303,-0.9666438934122452
-4.349897520355098,-0.571198664289053,0.8975979010256552,3.141592653589793,0.0,0.0,-4.34989731607577,-0.5711985301917458,0.8975979357096909,3.141592476067535,3.7774183926150755e-08,-9.453943386611274e-07,2.042793276757493e-07,1.3409730703628497e-07,3.4684035643550715e-08,-1.7752225822675882e-07,3.777418378092534e-08,-9.453943388137986e-07,0.36261729912055185,-0.32685128939728514,0.29600758102988195,-1.5707963267948966,0.326399236736602,-1.208304866765305
2.41660973353061,3.9983906500233726,0.8975979010256552,0.0,6.283185307179586,0.0,2.416609266958459,3.9983911417024265,0.8975978702797965,2.7475743675288515e-07,6.283185743574939,4.164434411128602e-07,-4.6657215069245694e-07,4.916790539155613e-07,-3.07458587478493e-08,2.747574368022754e-07,4.363953527430908e-07,4.1644344106472886e-07,0.12054145560450526,0.1913349005091214,0.5299471989437942,1.5707963267948977,1.3871967561305587,2.416609733530611
-1.4499658401183666,3.9983906500233726,-6.283185307179586,-6.283185307179586,6.283185307179586,0.0,-1.4499658986609787,3.998390985893712,-6.283185233680483,-6.2831853158858335,6.283184946117573,-1.507123125540519e-08,-5.854261209137235e-08,3.358703395406337e-07,7.349910280396443e-08,-8.706247278666979e-09,-3.6106201317664954e-07,-1.5071231374008676e-08,-0.1932445480111393,-0.2597916439372965,0.5529309817285374,-1.5707963267948968,0.8567979964335798,1.6916268134714263
-5.316541413767342,-0.571198664289053,6.283185307179586,-3.141592653589793,0.0,0.0,-5.3165412303582595,-0.571198318771732,6.283185192521942,-3.141592409782897,2.516989026770813e-07,4.088092443901162e-07,1.8340908258807076e-07,3.4551732097654053e-07,-1.1465764426787928e-07,2.4380689600533856e-07,2.51698902609121e-07,4.0880924423447595e-07,-0.008413192096909675,-0.40501355290985225,0.4705886823999854,-1.5707963267948966,-0.5711986642890531,-2.174948760177549
1.4499658401183657,-0.571198664289053,0.8975979010256552,0.0,6.283185307179586,0.0,1.4499656336710274,-0.5711981804479814,0.8975977708979948,-1.1267385930980012e-08,6.283185342982156,5.151986619720291e-07,-2.0644733833563578e-07,4.838410716523356e-07,-1.3012766064690595e-07,-1.1267386135216384e-08,3.5802569797738215e-08,5.151986619544857e-07,0.1757835545530801,-0.40359586286606325,0.1343200271730529,1.5707963267948966,-0.3263992367366021,1.449965840118366
-2.4166097335306103,-2.8559933214452666,6.283185307179586,-3.141592653589793,6.283185307179586,0.0,-2.4166096031836344,-2.855993409948776,6.283184908786936,-3.141593458030574,6.283185540291859,-2.627854447534328e-07,1.3034697587954724e-07,-8.850350941003171e-08,-3.9839265042473926e-07,-8.044407810992027e-07,2.3311227259625866e-07,-2.627854449599454e-07,-0.4940080656390463,-0.13952764463855663,0.19863862003932564,1.5707963267948966,-0.28559933214452654,-2.41660973353061
-4.349897520355098,2.8559933214452666,-4.487989505128276,0.0,6.283185307179586,0.0,-4.349897647844171,2.8559932134538406,-4.487989420150587,-9.14745240850576e-08,6.2831851846707725,6.102562832837406e-08,-1.274890726321587e-07,-1.079914260238013e-07,8.497768888560131e-08,-9.147452395552591e-08,-1.2250881376019152e-07,6.102562810639256e-08,0.15136814084716116,0.23016696234369818,0.3012550460972399,-1.5707963267948997,1.5095964699067839,-1.208304866765308
-2.4166097335306103,3.9983906500233726,-2.6927937030769655,0.0,6.283185307179586,0.0,-2.4166096643543646,3.9983909737819054,-2.69279377598085,-7.683258533772485e-08,6.283185585581097,3.212980377216814e-07,6.917624562063907e-08,3.237585328719206e-07,-7.290388426284267e-08,-7.68325851829843e-08,2.784015107337723e-07,3.212980375089103e-07,-0.28718193344559223,0.043704319510118654,0.10779584627934652,1.5707963267948954,-1.305596946946407,-2.416609733530609
-6.283185307179586,6.283185307179586,-2.6927937030769655,6.283185307179586,-6.283185307179586,0.0,-6.283185270849583,6.283185629358642,-2.692794175375875,6.283184768791379,-6.28318552359255,-4.3389139697998267e-07,3.633000300595768e-08,3.2217905587828e-07,-4.7229890931532736e-07,-5.38388206905438e-07,-2.1641296399366183e-07,-4.3389139703364776e-07,-0.0884954144968877,-0.22315000000000002,0.32125170605533493,-1.5707963267948963,0.44879895051282725,-3.1415926535897927
4.349897520355098,-1.7135959928671598,-0.8975979010256552,0.0,0.0,0.0,4.349896877957494,-1.7135966232362423,-0.8975974918500043,-1.0873547886468488e-06,3.2057430648611747e-07,-1.9070991048898676e-08,-6.423976044445112e-07,-6.303690822662134e-07,4.091756506952038e-07,-1.0873547884315826e-06,3.2057430665588527e-07,-1.907099100861842e-08,-0.2708436006252501,-0.08486393423111682,0.5743974361982396,-1.5707963267948966,0.5303987596969784,1.208304866765305
4.349897520355098,5.14078797860148,0.8975979010256552,6.283185307179586,6.283185307179586,0.0,4.349896965086748,5.140788184716335,0.8975985686374943,6.283185819765211,6.283185228687942,4.16021237647199e-08,-5.552683504106426e-07,2.0611485496146997e-07,6.67611839144655e-07,5.125856246124272e-07,-7.849164429529765e-08,4.160212396797647e-08,-0.09208899061150312,0.38647323546136275,0.34225702350861936,1.5707963267948966,0.2447994275524513,-1.9332877868244882
0.4833219467061216,-6.283185307179586,-0.8975979010256552,6.283185307179586,-6.283185307179586,0.0,0.4833222712136771,-6.283185787439532,-0.8975976374954917,6.283185330799792,-6.283184752242058,-4.452249667062683e-07,3.24507555493625e-07,-4.802599455899781e-07,2.635301634690279e-07,2.3620205347185674e-08,5.549375279301216e-07,-4.452249666719865e-07,-0.2887376364410958,-0.4035582343366155,0.265321617473541,1.5707963267948961,0.8975979010256552,0.4833219467061211
2.41660973353061,-1.7135959928671598,-0.8975979010256552,-6.283185307179586,0.0,0.0,2.416609859343898,-1.713596343692448,-0.8975978905533494,-6.283185473506406,7.717134450771425e-08,-7.935664841329491e-08,1.2581328823202398e-07,-3.508252879314e-07,1.0472305689290806e-08,-1.6632681987260867e-07,7.717134442586371e-08,-7.935664836367096e-08,0.016693307481629442,0.2833363316240207,0.5743974361982396,-1.5707963267948966,0.5303987596969786,-0.7249829200591833
3.383253626942853,3.9983906500233726,-0.8975979010256552,6.283185307179586,0.0,0.0,3.38325368445849,3.9983908011512628,-0.8975980449452927,6.283185352669534,4.3621578991327494e-09,3.134956119090071e-07,5.7515637141847265e-08,1.511278902022184e-07,-1.439196375407903e-07,4.5489947808619036e-08,4.362157746129469e-09,3.134956116923604e-07,-0.4184727653501181,0.12668412253585287,0.41249565395970955,-1.5707963267948966,-0.0407999045920761,0.24166097335305983
6.283185307179586,2.8559933214452666,0.8975979010256552,-6.283185307179586,0.0,0.0,6.283185502492748,2.8559936065013916,0.8975983325840473,-6.283185124665363,2.4986440126245772e-08,4.462197262734644e-07,1.9531316208798444e-07,2.850561249267969e-07,4.3155839213326885e-07,1.8251422329029765e-07,2.4986440028129664e-08,4.4621972605796145e-07,0.35915507262048973,-0.22315000000000007,0.27557748212180677,-1.5707963267948966,0.6119985688811287,3.141592653589793
-3.3832536269428544,-6.283185307179586,-6.283185307179586,3.141592653589793,-6.283185307179586,0.0,-3.3832539456487596,-6.283184940855862,-6.283186064352588,3.1415926612877145,-6.283185547104812,2.817654688131843e-07,-3.1870590522231623e-07,3.6632372424350024e-07,-7.571730016309175e-07,7.697921411420339e-09,-2.3992522546478767e-07,2.817654687348181e-07,0.4968809655951178,0.10735823689528146,0.23719999999999986,-1.5707963267948966,3.6739403974420594e-16,-0.24166097335306086
0.4833219467061216,-2.8559933214452666,2.6927937030769655,0.0,6.283185307179586,0.0,0.4833215721999044,-2.8559927266731218,2.6927946560612233,2.077774788666041e-07,6.283184954599218,4.135468810597375e-07,-3.7450621714896215e-07,5.947721448684717e-07,9.529842577293834e-07,2.0777747877787078e-07,-3.5258036845675633e-07,4.135468811838905e-07,0.11207060272650064,-0.19319784275213991,0.17088996686545965,1.5707963267948966,0.1631996183683011,0.48332194670612183
-5.316541413767342,-2.8559933214452666,2.6927937030769655,6.283185307179586,6.283185307179586,0.0,-5.316541315947212,-2.8559930013624295,2.692793938091085,6.283185201306457,6.283184989467842,-4.357455203667697e-07,9.782012977410659e-08,3.200828371241471e-07,2.3501411927639992e-07,-1.0587312893051148e-07,-3.1771174402450697e-07,-4.357455205550309e-07,0.18901710479855477,-0.1189863880161671,0.17088996686545965,1.5707963267948966,0.16319961836830135,0.9666438934122445
2.41660973353061,-2.8559933214452666,2.6927937030769655,-6.283185307179586,-6.283185307179586,0.0,2.416609233719403,-2.8559934897944776,2.6927944527949585,-6.283185355754961,-6.283185726058246,7.624297346719911e-07,-4.998112066445515e-07,-1.6834921101605005e-07,7.497179930204823e-07,-4.8575374833603746e-08,-4.188786597580929e-07,7.624297344577258e-07,0.14090233760441384,0.17329673308280658,0.17088996686545965,1.5707963267948966,0.16319961836830085,2.41660973353061
-3.3832536269428544,-0.571198664289053,-2.6927937030769655,6.283185307179586,6.283185307179586,0.0,-3.383253510416754,-0.5711984371064347,-2.6927942583405367,6.283185444676022,6.283185397837986,-4.6449675802072685e-08,1.1652610032442112e-07,2.2718261849519195e-07,-5.552635711225662e-07,1.374964355704833e-07,9.065839989830238e-08,-4.6449675661364154e-08,0.03676290439244529,0.22076715336293287,0.3422040169213491,-1.5707963267948966,-0.1223997137762255,-0.24166097335306141
2.41660973353061,3.9983906500233726,4.487989505128276,-6.283185307179586,6.283185307179586,0.0,2.416609585636774,3.9983910600277484,4.487990165418579,-6.283185331015797,6.283184406159901,-3.55230757369157e-07,-1.4789383584457028e-07,4.100043757837568e-07,6.602903033225971e-07,-2.3836210338856745e-08,-9.010196855285812e-07,-3.5523075725407693e-07,-0.11726208576193235,0.40201045443442096,0.2143918818058605,-1.5707963267948961,-0.9383978056177311,-0.7249829200591836
3.383253626942853,-1.7135959928671598,-2.6927937030769655,6.283185307179586,-6.283185307179586,0.0,3.383253446255324,-1.7135957000554867,-2.692794142904235,6.283185819143336,-6.283184827350596,-8.067645484540302e-07,-1.806875289389609e-07,2.928116731304442e-07,-4.398272692718308e-07,5.119637496164842e-07,4.798289898744201e-07,-8.067645484999275e-07,-0.22843657546904675,0.17352383651647824,0.21533628237667676,-1.5707963267948972,-1.2647970423543322,0.2416609733530604
-6.283185307179586,-6.283185307179586,4.487989505128276,-6.283185307179586,0.0,0.0,-6.283185813439784,-6.283184954494297,4.487989455957856,-6.283185126833632,1.2622034252546054e-07,-4.372537079327325e-07,-5.062601982075421e-07,3.526852889734755e-07,-4.917041973584446e-08,1.8034595417049104e-07,1.262203426222186e-07,-4.3725370790781426e-07,-0.2793186341852324,-0.22315000000000007,0.3786967925903362,-1.5707963267948963,1.3463968515384832,-3.1415926535897927
-5.316541413767342,-2.8559933214452666,0.8975979010256552,-3.141592653589793,6.283185307179586,0.0,-5.316541528238312,-2.8559932811233586,0.8975978378893279,-3.1415924481544564,6.283185247225419,-2.4910283134366787e-07,-1.1447096959216196e-07,4.0321908034712806e-08,-6.313632727739105e-08,2.054353367419992e-07,-5.995416696435996e-08,-2.4910283125123556e-07,0.4070605812037779,0.1969041230170553,0.3855911575642285,1.570796326794896,-1.1831972331701819,0.966643893412245
-6.283185307179586,-6.283185307179586,-0.8975979010256552,-6.283185307179586,-6.283185307179586,0.0,-6.283185374187747,-6.283185594759516,-0.8975984408630288,-6.283185593838655,-6.2831850979075305,1.948901529687262e-07,-6.700816079785454e-08,-2.875799296475634e-07,-5.398373734699646e-07,-2.8665906892655357e-07,2.0927205568455065e-07,1.9489015290474754e-07,-0.4432073427849283,-0.22315000000000013,0.26532161747354094,1.5707963267948961,0.8975979010256546,-2.2468975836689557e-16
6.283185307179586,-2.8559933214452666,0.8975979010256552,-3.141592653589793,0.0,0.0,6.2831852651488385,-2.8559932799376817,0.8975973250639437,-3.141592276517579,-6.646100472016688e-07,1.5224774236630519e-09,-4.20307477710935e-08,4.150758492471596e-08,-5.759617112133242e-07,3.770722138973781e-07,-6.646100469964722e-07,1.5224772553779076e-09,0.39328568233673733,-0.22315000000000007,0.3855911575642285,1.5707963267948966,-1.1831972331701819,-9.494240286184082e-17
-6.283185307179586,5.14078797860148,-2.6927937030769655,-3.141592653589793,-6.283185307179586,0.0,-6.283185718674302,5.140788407972483,-2.6927934045003474,-3.1415933098262223,-6.283186015650453,-2.0916185924567203e-07,-4.114947156352855e-07,4.2937100275253215e-07,2.985766180962912e-07,-6.562364291973211e-07,-7.084708668614326e-07,-2.0916185938801846e-07,0.008200963039743296,-0.22315000000000002,0.17146041771661888,1.5707963267948963,0.6935983780652784,-1.2450364400519863e-16
5.316541413767341,3.9983906500233726,6.283185307179586,-3.141592653589793,-6.283185307179586,0.0,5.316541042315464,3.9983904789381026,6.283185906990535,-3.1415929270697642,-6.2831847237978184,3.696210081942094e-07,-3.7145187725684536e-07,-1.7108526995102125e-07,5.998109484650627e-07,-2.734799711134883e-07,5.833817677824982e-07,3.696210080228468e-07,0.02290566505640866,-0.4260095247444021,0.44114625444407707,1.5707963267948968,-0.8567979964335792,-0.9666438934122454
2.41660973353061,5.14078797860148,-6.283185307179586,0.0,-6.283185307179586,0.0,2.4166101616369837,5.140787863542819,-6.283185484752375,6.635204322977745e-07,-6.283185085541065,-3.6634040590003246e-07,4.28106373906445e-07,-1.1505866126526598e-07,-1.775727884734124e-07,6.635204323757193e-07,2.2163852086976021e-07,-3.6634040601057904e-07,0.3481110516569315,-0.010274169016989687,0.531868742518465,1.570796326794896,1.142397328578106,2.416609733530609
5.316541413767341,-6.283185307179586,6.283185307179586,-3.141592653589793,6.283185307179586,0.0,5.3165415543270935,-6.283185790072679,6.283185699363424,-3.141592809758022,6.283185366005742,-1.0006484122272487e-09,1.40559752281888e-07,-4.828930926237263e-07,3.921838374054687e-07,-1.5616822901520777e-07,5.8826155502345046e-08,-1.000648452986752e-09,-0.44311242274362456,0.24913423251387062,0.23719999999999997,-1.5707963267948966,1.2246467991473532e-16,2.1749487601775477
-2.4166097335306103,5.14078797860148,-6.283185307179586,-6.283185307179586,0.0,0.0,-2.4166093193831255,5.140788651909369,-6.283185165828838,-6.283185520971935,-3.7444920076800597e-07,-1.2146528687775432e-08,4.141474847507709e-07,6.733078885545751e-07,1.4135074799526137e-07,-2.1379234915741563e-07,-3.744492009793987e-07,-1.214652867176369e-08,0.052159409284064664,0.344334515925752,0.531868742518465,1.5707963267948966,1.1423973285781057,-2.4166097335306103
-4.349897520355098,6.283185307179586,4.487989505128276,0.0,-6.283185307179586,0.0,-4.349898211580348,6.283185024521487,4.487988837972296,-2.974212578153938e-07,-6.283185238657841,-3.2150858672922663e-07,-6.912252503710192e-07,-2.826580995929362e-07,-6.671559802384763e-07,-2.974212578443769e-07,6.852174561089441e-08,-3.2150858686463835e-07,0.30769662727938,-0.18203737930435585,0.37869679259033634,-1.5707963267948952,1.3463968515384823,-1.2083048667653034
-4.349897520355098,-0.571198664289053,-6.283185307179586,0.0,-6.283185307179586,0.0,-4.349897413078025,-0.5711983310409182,-6.283185114854185,3.171803896545958e-07,-6.28318547408871,-4.990398254320902e-07,1.0727707344670989e-07,3.3324813486501625e-07,1.923254009383868e-07,3.1718038950856453e-07,-1.6690912385541878e-07,-4.990398254633988e-07,0.3612659403092992,-0.32328804905743697,0.3269867043457027,1.5707963267948963,0.5711986642890527,1.933287786824488
-4.349897520355098,-0.571198664289053,-0.8975979010256552,0.0,0.0,0.0,-4.349897046415561,-0.5711982040795808,-0.8975977742548288,6.78001983106381e-08,-8.138395483832002e-08,-9.758535219981046e-08,4.739395373931643e-07,4.602094723082928e-07,1.2677082628087533e-07,6.780019834451423e-08,-8.138395468648696e-08,-9.758535224335674e-08,0.3191091319158635,-0.21212968089058495,0.48692437918125153,1.5707963267948961,1.4687965653147081,1.9332877868244875
-4.349897520355098,5.14078797860148,-4.487989505128276,3.141592653589793,0.0,0.0,-4.349897307710718,5.140788819658615,-4.487989744515744,3.1415927491536775,5.359632813238382e-07,3.274926433759029e-07,2.1264438032631006e-07,8.410571350481177e-07,-2.393874680706176e-07,9.556388436138263e-08,5.359632813117798e-07,3.274926432261793e-07,0.3229664883349972,-0.22230069386166165,0.31169160326026085,-1.5707963267948966,0.6527984734732043,-1.208304866765305
6.283185307179586,6.283185307179586,-0.8975979010256552,-6.283185307179586,0.0,0.0,6.283184880225459,6.283185013478768,-0.8975981032045127,-6.283185258805435,-2.310370629657032e-07,1.171541968471296e-08,-4.2695412716398096e-07,-2.937008183323542e-07,-2.021788576556105e-07,4.8374150907193325e-08,-2.3103706281446534e-07,1.1715419745428335e-08,-0.44320734278492835,-0.2231499999999999,0.26532161747354116,1.5707963267948966,0.8975979010256552,-3.2171228551828885e-16
-5.316541413767342,-6.283185307179586,4.487989505128276,-3.141592653589793,-6.283185307179586,0.0,-5.316541201280522,-6.283185309383948,4.487989377377454,-3.1415931645105104,-6.283185573753229,9.249317776582458e-07,2.124868201391905e-07,-2.2043620262479635e-09,-1.2775082147697958e-07,-5.109207172893093e-07,-2.665736431595178e-07,9.249317778348143e-07,0.11951522619020273,-0.21967724248850665,0.34071246916399334,1.5707963267948974,-1.346396851538483,0.9666438934122434
3.383253626942853,6.283185307179586,-2.6927937030769655,0.0,6.283185307179586,0.0,3.3832538353098123,6.283185860781499,-2.692793194153849,-1.0789798744811835e-06,6.2831849241519455,4.988068054589538e-07,2.0836695924231208e-07,5.536019127561076e-07,5.089231165378294e-07,-1.078979874336028e-06,-3.8302764071573847e-07,4.988068056377415e-07,0.032520608099711815,0.23784400546534895,0.32125170605533493,-1.5707963267948968,0.4487989505128275,0.24166097335305953
-3.3832536269428544,-6.283185307179586,-0.8975979010256552,-6.283185307179586,-6.283185307179586,0.0,-3.3832538455073715,-6.283185572561356,-0.8975978605276943,-6.283186102472115,-6.2831855884298795,1.4407874994700144e-07,-2.1856451715152048e-07,-2.653817698927696e-07,4.0497960984708925e-08,-7.952925287213475e-07,-2.8125029327696893e-07,1.4407874981969826e-07,0.48373183338593817,0.11059920690292502,0.26532161747354094,1.5707963267948961,0.8975979010256546,2.8999316802367314
-5.316541413767342,5.14078797860148,-0.8975979010256552,-3.141592653589793,-6.283185307179586,0.0,-5.316541063459373,5.140787771009255,-0.8975986325585412,-3.1415921126066135,-6.2831854033906085,1.3040537041974755e-07,3.503079692990241e-07,-2.07592225187625e-07,-7.315328858226167e-07,5.409831795866182e-07,-9.621102226020639e-08,1.3040537050201806e-07,0.22418312028810292,-0.06803961910962669,0.5249576484481902,1.570796326794897,-1.101597423986032,0.9666438934122439
-6.283185307179586,-1.7135959928671598,-0.8975979010256552,0.0,0.0,0.0,-6.283185593032037,-1.7135949323059203,-0.897598073965053,3.1796152158412137e-07,3.8210779416674454e-07,-1.253457143398143e-07,-2.858524510429561e-07,1.0605612397185382e-06,-1.729393979132965e-07,3.1796152155649793e-07,3.8210779429448394e-07,-1.2534571425248942e-07,0.17539162133019154,-0.2231499999999999,0.5743974361982396,-1.5707963267948966,0.5303987596969784,-3.141592653589793
3.383253626942853,-0.571198664289053,6.283185307179586,-3.141592653589793,-6.283185307179586,0.0,3.383253212834748,-0.5711984716072401,6.28318561426584,-3.141592152229784,-6.283184772566122,8.904788539672924e-08,-4.1410810514008745e-07,1.9268181272735774e-07,3.070862542031705e-07,5.013600090642001e-07,5.34613464608924e-07,8.904788550978537e-08,0.2748710285400957,0.2975780192003957,0.4705886823999854,-1.5707963267948968,-0.5711986642890531,0.24166097335306005
4.349897520355098,-1.7135959928671598,-4.487989505128276,-3.141592653589793,6.283185307179586,0.0,4.349897289372763,-1.7135967899260613,-4.487989790495641,-3.1415922925418696,6.283185233169683,1.899169053159871e-07,-2.3098233459251105e-07,-7.970589015471319e-07,-2.853673652936095e-07,3.6104792355828863e-07,-7.400990309491817e-08,1.8991690531322547e-07,-0.14312263140599407,0.2519085839017292,0.4606092378337467,-1.5707963267948966,0.08159980918415093,1.2083048667653045
1.4499658401183657,3.9983906500233726,-4.487989505128276,6.283185307179586,0.0,0.0,1.449965778565239,3.9983911644085106,-4.487989241250281,6.283185558438592,-1.1570785886698413e-07,2.703764647096091e-07,-6.155312703981508e-08,5.143851380395859e-07,2.6387799501037534e-07,2.512590056014119e-07,-1.1570785884984502e-07,2.703764647726814e-07,0.21323006458483046,-0.09519610659453905,0.3608515628261186,1.5707963267948966,0.4895988551049036,1.4499658401183657
3.383253626942853,3.9983906500233726,6.283185307179586,-3.141592653589793,-6.283185307179586,0.0,3.383253973038817,3.9983910389999693,6.283185146006479,-3.1415922880386917,-6.283185534364856,-3.498976615567908e-07,3.4609596388790465e-07,3.889765967102221e-07,-1.611731068607014e-07,3.655511013889168e-07,-2.2718526970777475e-07,-3.498976615112781e-07,-0.4064482859446721,0.1296478905237792,0.44114625444407707,1.5707963267948968,-0.8567979964335792,-2.8999316802367336
3.383253626942853,-1.7135959928671598,2.6927937030769655,0.0,-6.283185307179586,0.0,3.3832539010646325,-1.713596552317853,2.692794423185457,5.293720277435266e-07,-6.283184780706644,-2.7402834497671655e-07,2.7412177949770467e-07,-5.594506928829901e-07,7.201084915031686e-07,5.293720275467706e-07,5.26472942574685e-07,-2.7402834490430905e-07,-0.04039882635240595,0.21987097908809072,0.16835557972299212,1.5707963267948968,-0.9791977102098056,-2.8999316802367336
2.41660973353061,2.8559933214452666,2.6927937030769655,-3.141592653589793,0.0,0.0,2.4166089698881064,2.855993192271959,2.6927942951080257,-3.1415932262442205,3.188296774347854e-08,2.7447390411610108e-08,-7.63642503454065e-07,-1.2917330760586765e-07,5.920310601759127e-07,-5.726544274331502e-07,3.1882967821417196e-08,2.7447390582580056e-08,0.0486958225003712,0.2549845773152529,0.28945770728345194,-1.5707963267948966,-0.7343982826573543,-0.7249829200591833
-2.4166097335306103,-1.7135959928671598,6.283185307179586,-6.283185307179586,6.283185307179586,0.0,-2.416609338380859,-1.713595724188161,6.283184862940739,-6.28318496788101,6.283185809713955,3.749319438108496e-08,3.9514975114229856e-07,2.686789990491434e-07,-4.4423884748567843e-07,3.3929857590209167e-07,5.025343687847794e-07,3.749319432699849e-08,-0.1333956119973772,0.17994711165303445,0.6160975150257411,-1.570796326794898,1.4279966607226335,0.7249829200591817
-6.283185307179586,-2.8559933214452666,-4.487989505128276,0.0,0.0,0.0,-6.2831853434952185,-2.8559940119623404,-4.487989795862959,5.49026439054035e-07,-1.1574494623236667e-07,6.439911994365009e-08,-3.631563227912693e-08,-6.905170737425692e-07,-2.907346834390978e-07,5.490264389784727e-07,-1.1574494607202723e-07,6.439911981459545e-08,0.0551165531760588,-0.22314999999999996,0.36486937818743276,1.5707963267948966,1.060797519393956,1.3546023090552164e-16
-4.349897520355098,-1.7135959928671598,0.8975979010256552,-3.141592653589793,0.0,0.0,-4.349897320593211,-1.7135966555387616,0.897598026558532,-3.141592710772143,-2.8601981731977907e-07,-7.742794507763647e-09,1.997618870319684e-07,-6.626716020363688e-07,1.2553287698224835e-07,-5.718234996621163e-08,-2.8601981716391833e-07,-7.742794405629638e-09,0.2261102073799865,0.03308832983268399,0.6066948259769498,-1.5707963267948966,-0.8159980918415045,-1.208304866765305
2.41660973353061,-0.571198664289053,6.283185307179586,3.141592653589793,0.0,0.0,2.416609136611181,-0.571198480638328,6.283185694652341,3.1415933055101006,4.5302163814791575e-07,-4.94072482614969e-08,-5.969194289967561e-07,1.8365072484982647e-07,3.8747275432626793e-07,6.519203075150415e-07,4.5302163798055517e-07,-4.94072480705654e-08,0.4010464498578802,-0.05717083958026134,0.4705886823999854,-1.5707963267948966,-0.5711986642890534,-0.7249829200591834
4.349897520355098,5.14078797860148,2.6927937030769655,3.141592653589793,0.0,0.0,4.349897808138385,5.140787520339144,2.6927933360946086,3.141592087133741,1.0836919546597075e-07,2.826039759434421e-07,2.8778328697853794e-07,-4.582623365223526e-07,-3.6698235694743175e-07,-5.66456052286668e-07,1.0836919539514156e-07,2.826039757763965e-07,-0.140970568891304,0.2575831063915117,0.16197624854501055,-1.5707963267948937,1.5503963744988591,1.208304866765308
-0.4833219467061225,5.14078797860148,-4.487989505128276,-3.141592653589793,-6.283185307179586,0.0,-0.4833214039172972,5.14078733334355,-4.487989712249497,-3.141592414404056,-6.283185572982249,-1.5133522498597707e-08,5.427888254416757e-07,-6.452579306426287e-07,-2.0712122150712275e-07,2.3918573699432955e-07,-2.658026625468324e-07,-1.5133522435206714e-08,-0.38915651486014025,-0.04777193758605055,0.3116916032602608,-1.5707963267948963,0.6527984734732046,2.658270706883671
2.41660973353061,-6.283185307179586,-6.283185307179586,3.141592653589793,0.0,0.0,2.416609337370016,-6.283185250855614,-6.283184811250224,3.141592562554486,3.6723127991841074e-07,4.7070925819358834e-07,-3.961605936630974e-07,5.6323972152938495e-08,4.959293624651195e-07,-9.103530729248632e-08,3.6723128005178296e-07,4.707092582378891e-07,0.48985810541358377,-0.13585110069710218,0.23719999999999986,-1.5707963267948966,3.6739403974420594e-16,-0.7249829200591834
-0.4833219467061225,-1.7135959928671598,-4.487989505128276,-3.141592653589793,6.283185307179586,0.0,-0.4833216653995768,-1.7135956877147542,-4.4879901909595015,-3.1415925488811793,6.2831844965950125,-2.0903660575531565e-07,2.8130654561309143e-07,3.05152405566389e-07,-6.85831225588629e-07,1.0470861377953611e-07,-8.105845736849915e-07,-2.0903660580273709e-07,-0.26732341355980554,-0.11171488184966118,0.4606092378337467,-1.5707963267948966,0.08159980918415093,2.6582707068836706
-1.4499658401183666,-0.571198664289053,4.487989505128276,6.283185307179586,0.0,0.0,-1.44996590994034,-0.5711985252479005,4.487989885584046,6.283185163264076,-5.124239626449579e-07,3.342392372404581e-07,-6.982197309213234e-08,1.390411523694013e-07,3.8045576999934383e-07,-1.4391551061976315e-07,-5.124239628173655e-07,3.3423923717634807e-07,-0.2350634916025407,0.0846183424722715,0.4936967203945276,-1.5707963267948966,0.7751981872494292,1.6916268134714267
-5.316541413767342,5.14078797860148,-6.283185307179586,6.283185307179586,6.283185307179586,0.0,-5.316541976359348,5.140787986662837,-6.2831853080112605,6.2831850943641525,6.283185189055737,4.5654123814341483e-07,-5.625920058704992e-07,8.061356915334272e-09,-8.316742849956427e-10,-2.1281543371998168e-07,-1.1812384936860099e-07,4.565412381474232e-07,0.031760891769767055,-0.346811344377132,0.531868742518465,1.570796326794897,1.1423973285781062,0.9666438934122448
-3.3832536269428544,-1.7135959928671598,0.8975979010256552,6.283185307179586,6.283185307179586,0.0,-3.3832537560275187,-1.7135959486528836,0.8975977880551265,6.283185183129311,6.283185348785144,-2.2740501696675006e-07,-1.290846642909571e-07,4.421427624023977e-08,-1.1297052893155524e-07,-1.240502749411121e-07,4.160555810983624e-08,-2.2740501703921723e-07,0.2219405467992081,0.17512496378121423,0.48974113523193874,1.5707963267948968,0.815998091841505,2.8999316802367323
-2.4166097335306103,5.14078797860148,-2.6927937030769655,-3.141592653589793,-6.283185307179586,0.0,-2.4166098723018634,5.140788119684803,-2.6927934972308982,-3.141593269576459,-6.283185447132578,7.096156868501981e-08,-1.3877125315531202e-07,1.4108332280216018e-07,2.0584606730267296e-07,-6.159866656751944e-07,-1.3995299141811302e-07,7.096156862118619e-08,-0.1541143301670352,0.1615919290433322,0.17146041771661888,1.5707963267948963,0.6935983780652784,-2.4166097335306107
3.383253626942853,5.14078797860148,-4.487989505128276,-6.283185307179586,0.0,0.0,3.3832535579321514,5.140787881045419,-4.487989058394441,-6.28318516402469,-2.95978159683471e-07,-2.8282257772886075e-07,-6.901070159770484e-08,-9.755606100725345e-08,4.467338348135286e-07,1.4315489593741404e-07,-2.9597815975890285e-07,-2.828225778017668e-07,0.1589368801996193,0.269002818065003,0.1760897277804133,1.5707963267948966,-0.6527984734732047,-2.899931680236733
3.383253626942853,5.14078797860148,-6.283185307179586,-6.283185307179586,-6.283185307179586,0.0,3.3832536310852874,5.140788646329136,-6.283185153601951,-6.283185700722191,-6.283185689184242,5.68367440489166e-07,4.142434395504324e-09,6.677276553901379e-07,1.5357763505363664e-07,-3.9354260472634905e-07,-3.820046554636747e-07,5.683674406675721e-07,0.20620509173025833,0.2806533858324183,0.531868742518465,1.570796326794896,1.1423973285781057,-2.899931680236734
-0.4833219467061225,5.14078797860148,-6.283185307179586,3.141592653589793,-6.283185307179586,0.0,-0.4833219618809518,5.14078801590853,-6.283185401254964,3.141592737411701,-6.283185573842195,3.575180475641444e-07,-1.5174829393060918e-08,3.730704989379774e-08,-9.407537771011221e-08,8.382190808120527e-08,-2.666626084391055e-07,3.575180476111939e-07,-0.20296588701287563,-0.1454923174481333,0.6027800852378872,-1.570796326794897,-1.142397328578106,2.658270706883671
4.349897520355098,6.283185307179586,-2.6927937030769655,6.283185307179586,6.283185307179586,0.0,4.349897355585297,6.283185543913035,-2.6927937851732904,6.283185443136994,6.283185058271517,3.779881750702123e-07,-1.6476980135848862e-07,2.367334488440065e-07,-8.209632484934559e-08,1.359574079984327e-07,-2.4890806926691766e-07,3.7798817498213566e-07,-0.177267968093799,0.1618747305013103,0.32125170605533493,-1.5707963267948968,0.44879895051282725,1.2083048667653045
1.4499658401183657,5.14078797860148,-6.283185307179586,0.0,6.283185307179586,0.0,1.4499658938707474,5.140788334233961,-6.283185326357822,-4.5550551444229897e-07,6.283184915560368,-3.9323805422575755e-07,5.375238165683527e-08,3.556324807973965e-07,-1.9178235888261952e-08,-4.5550551464046407e-07,-3.916192179431732e-07,-3.932380541193936e-07,0.18929414105736408,-0.29232617227343716,0.531868742518465,1.570796326794897,1.142397328578106,1.4499658401183662
-3.3832536269428544,3.9983906500233726,-6.283185307179586,3.141592653589793,6.283185307179586,0.0,-3.383253837585195,3.9983905189932973,-6.283185527381663,3.141592578777667,6.2831846466044565,1.862001488894336e-07,-2.1064234045908847e-07,-1.3103007523440624e-07,-2.2020207701700656e-07,-7.481212627169498e-08,-6.60575129707297e-07,1.8620014907710924e-07,-0.2996417049731352,0.3036834425934683,0.44114625444407723,1.5707963267948963,-0.8567979964335795,2.8999316802367328
-3.3832536269428544,5.14078797860148,0.8975979010256552,-6.283185307179586,0.0,0.0,-3.383253233957842,5.140788203654833,0.8975976487503053,-6.283184866342922,5.426175952323503e-07,-6.621169833078558e-07,3.9298501253171025e-07,2.2505335284250805e-07,-2.522753499434316e-07,4.4083666406180555e-07,5.426175953004986e-07,-6.621169834630791e-07,0.3725553092275073,0.13800175899681807,0.3422570235086193,1.5707963267948966,0.24479942755245074,2.8999316802367323
1.4499658401183657,5.14078797860148,2.6927937030769655,3.141592653589793,-6.283185307179586,0.0,1.4499660417799494,5.140787923312313,2.6927934482212716,3.1415927885486523,-6.283184689682335,-6.752255165066088e-07,2.0166158343215557e-07,-5.5289167022465335e-08,-2.548556938819502e-07,1.3495885919923012e-07,6.174972515538002e-07,-6.752255163888776e-07,0.19851789257824448,-0.2163617441188052,0.16197624854501058,-1.5707963267948817,1.5503963744988591,-1.6916268134714125
6.283185307179586,-6.283185307179586,-6.283185307179586,-3.141592653589793,-6.283185307179586,0.0,6.283185357799433,-6.283184950821726,-6.283185502722506,-3.1415929729259995,-6.283184716609795,3.8525657600298623e-07,5.061984698073729e-08,3.563578605536577e-07,-1.9554291963430614e-07,-3.1933620636692694e-07,5.905697912922392e-07,3.852565759743243e-07,-0.4567500000000001,-0.2231499999999999,0.23719999999999986,-1.5707963267948966,6.123233995736766e-16,3.141592653589793
-4.349897520355098,-1.7135959928671598,-2.6927937030769655,3.141592653589793,6.283185307179586,0.0,-4.349897690328436,-1.7135961404944426,-2.692793300788171,3.141592621152294,6.283185484556411,1.3448833692996563e-07,-1.6997333762702738e-07,-1.4762728284267723e-07,4.022887947208176e-07,-3.24374989091325e-08,1.7737682433960344e-07,1.3448833691143136e-07,0.20244283464316162,0.09549406291545101,0.16391355782267086,1.5707963267948972,1.2647970423543322,1.933287786824489
0.4833219467061216,2.8559933214452666,0.8975979010256552,6.283185307179586,0.0,0.0,0.4833212460863503,2.855992803562459,0.8975973435351731,6.283185270074954,1.7698725495012966e-07,1.8871853981608872e-07,-7.006197710879292e-07,-5.178828077490039e-07,-5.574904822225335e-07,-3.710463225559124e-08,1.7698725507386825e-07,1.8871853990631848e-07,0.42171899903729587,-0.030681827520709873,0.27557748212180677,-1.5707963267948966,0.6119985688811281,-2.6582707068836715
-5.316541413767342,-1.7135959928671598,-4.487989505128276,-6.283185307179586,-6.283185307179586,0.0,-5.316541316863697,-1.7135957565446722,-4.487989881838853,-6.283185303317892,-6.283185247486717,2.258020208682775e-08,9.690364510817062e-08,2.3632248780103282e-07,-3.767105773988533e-07,3.8616940756242e-09,5.969286931417628e-08,2.258020215251122e-08,0.0865819231287629,-0.2673893690130175,0.2904772280019879,1.5707963267948966,-0.08159980918415105,0.9666438934122441
2.41660973353061,-1.7135959928671598,-0.8975979010256552,-6.283185307179586,6.283185307179586,0.0,2.416609801837219,-1.7135956891395028,-0.8975976406033735,-6.2831851575208715,6.283184716700055,1.4061129364639937e-07,6.830660925771781e-08,3.0372765724706596e-07,2.6042228151723634e-07,1.4965871475425274e-07,-5.904795310485156e-07,1.406112937196724e-07,0.016693307481629456,0.2833363316240207,0.5743974361982396,-1.5707963267948968,0.5303987596969786,-0.7249829200591836
0.4833219467061216,6.283185307179586,-6.283185307179586,-3.141592653589793,-6.283185307179586,0.0,0.4833221880191502,6.283185609950738,-6.283184931399974,-3.141592199101479,-6.283185715814385,1.2350465100905954e-07,2.4131302867047566e-07,3.0277115214971673e-07,3.757796118719625e-07,4.544883140944478e-07,-4.086347988874195e-07,1.2350465095067875e-07,-0.30072906387553683,-0.409851820955505,0.23720000000000008,-1.5707963267948966,1.2246467991473532e-16,-2.6582707068836715
-6.283185307179586,3.9983906500233726,-4.487989505128276,0.0,0.0,0.0,-6.283185938807569,3.998391246739377,-4.487989749157451,6.057130798791702e-08,3.7224894151608297e-07,3.7630129458985345e-07,-6.316279828055826e-07,5.967160046083109e-07,-2.440291755334556e-07,6.057130796932597e-08,3.7224894144927134e-07,3.7630129456900363e-07,-0.06879997568029941,-0.22315000000000002,0.3608515628261186,1.5707963267948966,0.4895988551049033,2.1230030005482104e-16
-5.316541413767342,-0.571198664289053,4.487989505128276,6.283185307179586,0.0,0.0,-5.316541800274945,-0.571198023967775,4.487989874585888,6.283185099471298,3.4020166545594375e-07,9.762528968777134e-08,-3.865076028120029e-07,6.403212777783551e-07,3.694576120594206e-07,-2.077082879026193e-07,3.4020166550519093e-07,9.762528963008776e-08,0.11983520977098658,-0.21921366623975794,0.4936967203945276,-1.5707963267948966,0.7751981872494292,-2.174948760177549
6.283185307179586,-1.7135959928671598,4.487989505128276,-6.283185307179586,0.0,0.0,6.2831849521834835,-1.7135956727301,4.487990144892296,-6.283185432818782,-3.8306372472749786e-07,1.8179344002171319e-07,-3.549961027360382e-07,3.2013705997258057e-07,6.397640204269806e-07,-1.2563919593588935e-07,-3.8306372474039563e-07,1.817934398573584e-07,0.2642890055786177,-0.22315000000000007,0.39604190863313243,-1.5707963267948966,-0.3671991413286769,3.141592653589793
-4.349897520355098,-6.283185307179586,-0.8975979010256552,3.141592653589793,-6.283185307179586,0.0,-4.349897608924878,-6.2831851687571,-0.8975980279619067,3.141592017492105,-6.2831844106246555,3.004783981194784e-08,-8.856977995463922e-08,1.3842248591799944e-07,-1.2693625173199052e-07,-6.360976883001968e-07,8.965549307404785e-07,3.004783977189618e-08,0.3184872804251849,-0.21048999326763096,0.3717513266508268,-1.5707963267948968,-0.8975979010256551,-1.2083048667653045
-3.3832536269428544,-1.7135959928671598,-6.283185307179586,-6.283185307179586,6.283185307179586,0.0,-3.3832544128441864,-1.7135957609844155,-6.283185345881018,-6.283184797102833,6.283186105029724,6.509668718245364e-07,-7.859013320121733e-07,2.3188274411722887e-07,-3.8701431392951235e-08,5.100767532795203e-07,7.97850137956857e-07,6.509668719623107e-07,0.0723162250602742,0.21200404686103574,0.616097515025741,-1.570796326794898,1.427996660722634,-0.2416609733530624
-2.4166097335306103,-1.7135959928671598,-6.283185307179586,0.0,-6.283185307179586,0.0,-2.4166096708135036,-1.7135960902921756,-6.2831852258245835,-3.5522033358071686e-07,-6.283185485728897,-1.6001887662939447e-07,6.271710661920338e-08,-9.742501561049721e-08,8.135500273454e-08,-3.5522033359214333e-07,-1.7854931044780642e-07,-1.6001887681582616e-07,-0.13339561199737715,0.1799471116530345,0.6160975150257411,-1.5707963267948946,1.4279966607226338,0.7249829200591851
4.349897520355098,-2.8559933214452666,2.6927937030769655,-3.141592653589793,6.283185307179586,0.0,4.349897479204898,-2.85599330993826,2.6927942850208026,-3.1415931377533237,6.283186191799174,-1.4731239155456725e-07,-4.115019969219702e-08,1.1507006458799651e-08,5.819438371190699e-07,-4.841635306007674e-07,8.846195873601914e-07,-1.4731239161847043e-07,-0.22183476956010925,0.04436173285743493,0.3393217860733526,-1.5707963267948966,-0.163199618368301,1.2083048667653045
4.349897520355098,3.9983906500233726,-0.8975979010256552,6.283185307179586,-6.283185307179586,0.0,4.349897330259753,3.9983904743807974,-0.8975975555234013,6.283184967466866,-6.283185229032865,-4.1558031757470424e-07,-1.9009534479863532e-07,-1.7564257515090276e-07,3.4550225391782874e-07,-3.3971272017652154e-07,7.814672109418552e-08,-4.1558031771415926e-07,-0.34197861437440286,-0.2724315502158615,0.41249565395970955,-1.5707963267948966,-0.0407999045920761,1.2083048667653051
-6.283185307179586,2.8559933214452666,2.6927937030769655,0.0,0.0,0.0,-6.283185075379106,2.8559932375741797,2.6927937991839026,-4.900081400565912e-07,-2.846360131156288e-07,-7.91673893058951e-07,2.3180048014381782e-07,-8.387108696439327e-08,9.610693707529094e-08,-4.90008139841791e-07,-2.8463601298156505e-07,-7.916738931079692e-07,0.018243693211464834,-0.22315000000000002,0.16275834248662308,1.5707963267948966,0.7343982826573544,1.896445385674108e-16
3.383253626942853,3.9983906500233726,-6.283185307179586,6.283185307179586,0.0,0.0,3.383253799848816,3.998390770964131,-6.283185785683128,6.283184830791478,-8.156057634183449e-08,7.176767647774286e-07,1.729059628807761e-07,1.2094075829693907e-07,-4.785035416787764e-07,-4.763881085168009e-07,-8.15605765147609e-08,7.176767646832616e-07,-0.28119052664777927,0.16052115536345102,0.5529309817285375,-1.5707963267948966,0.8567979964335793,0.24166097335305986
-3.3832536269428544,-0.571198664289053,6.283185307179586,-6.283185307179586,-6.283185307179586,0.0,-3.3832537165714625,-0.5711985989074826,6.2831846939651275,-6.283185557575722,-6.283185358660469,3.35121131542736e-07,-8.962860809091922e-08,6.538157037994097e-08,-6.132144587667199e-07,-2.5039613582578113e-07,-5.148088266793138e-08,3.351211317337288e-07,0.4712832932949025,0.11366749646243138,0.32698670434570276,1.5707963267948963,0.5711986642890531,2.899931680236732
3.383253626942853,-1.7135959928671598,2.6927937030769655,6.283185307179586,-6.283185307179586,0.0,3.383253323584514,-1.7135959335372764,2.692793441634013,6.283185272794142,-6.283185559122064,1.2881163284139922e-07,-3.0335833889338915e-07,5.932988322854271e-08,-2.614429526204276e-07,-3.438544382561304e-08,-2.5194247754711796e-07,1.2881163291567077e-07,-0.04039882635240594,0.21987097908809072,0.1683555797229921,1.5707963267948968,-0.9791977102098054,-2.8999316802367336
-6.283185307179586,3.9983906500233726,0.8975979010256552,0.0,-6.283185307179586,0.0,-6.283185049812975,3.99839078312469,0.8975977961766288,2.8532016709601906e-07,-6.283186211408538,7.232215509750933e-08,2.5736661157793606e-07,1.3310131752319876e-07,-1.0484902634999571e-07,2.8532016704829744e-07,-9.042289521588032e-07,7.23221549314701e-08,0.03665193271968498,-0.22314999999999996,0.5299471989437942,1.570796326794895,1.3871967561305587,-1.426390465975979e-15
-5.316541413767342,-2.8559933214452666,0.8975979010256552,6.283185307179586,6.283185307179586,0.0,-5.316541651389381,-2.8559937273834866,0.8975982008442451,6.283184664488235,6.283184998117999,8.530689595922726e-07,-2.3762203849031494e-07,-4.059382199272932e-07,2.99818589954981e-07,-6.426913508050802e-07,-3.090615869894009e-07,8.530689594721252e-07,0.3172851421045182,0.06684194549704142,0.4501100734981429,-1.570796326794897,1.1831972331701817,-2.1749487601775495
-6.283185307179586,-0.571198664289053,-0.8975979010256552,6.283185307179586,6.283185307179586,0.0,-6.283185507419701,-0.571198566078868,-0.8975982912399956,6.283185277961763,6.283185421622645,-3.4066451646949856e-07,-2.0024011515573648e-07,9.821018487343736e-08,-3.902143403955449e-07,-2.9217822827831696e-08,1.1444305858532289e-07,-3.4066451659597874e-07,-0.31150235486563727,-0.22315000000000007,0.4869243791812516,1.5707963267948983,1.4687965653147084,2.0521369354857498e-15
-5.316541413767342,-6.283185307179586,-2.6927937030769655,3.141592653589793,-6.283185307179586,0.0,-5.31654151848136,-6.283185103254706,-2.692794272246749,3.141593056471559,-6.283185107658051,-8.114216618849799e-08,-1.0471401790113077e-07,2.0392488053744273e-07,-5.691697833043463e-07,4.028817657264483e-07,1.995215352934565e-07,-8.11421663193812e-08,0.17545084587392606,-0.1386405071632389,0.16745632030439195,1.5707963267948968,-0.4487989505128279,0.9666438934122441
1.4499658401183657,5.14078797860148,-6.283185307179586,3.141592653589793,6.283185307179586,0.0,1.449966046308045,5.140787783995883,-6.283185784558287,3.141592608782911,6.283185079320634,7.90711839459338e-07,2.061896795524376e-07,-1.946055974144656e-07,-4.773787010137198e-07,-4.480688220453999e-08,-2.2785895215093888e-07,7.907118395600321e-07,0.208010375437636,-0.13818411427383934,0.6027800852378872,-1.570796326794896,-1.142397328578106,-1.6916268134714283
-0.4833219467061225,-0.571198664289053,0.8975979010256552,0.0,0.0,0.0,-0.4833214825734283,-0.571198823464171,0.8975979802309294,-7.15642044942163e-07,5.906622413074046e-09,2.0717477867661117e-08,4.641326940557633e-07,-1.5917511797525208e-07,7.920527433924462e-08,-7.156420447351763e-07,5.906622302376263e-09,2.071747795540091e-08,-0.4397023947666348,-0.021243413341652473,0.1343200271730529,1.5707963267948966,-0.3263992367366021,-0.4833219467061225
1.4499658401183657,3.9983906500233726,4.487989505128276,6.283185307179586,0.0,0.0,1.4499658999310405,3.998390397819368,4.487989686591614,6.283185677229675,-7.500291801310001e-07,1.1525375001777481e-09,5.981267481303121e-08,-2.5220400479142313e-07,1.8146333768953582e-07,3.7005008834967157e-07,-7.500291800965897e-07,1.15253762089651e-09,0.26423566087058625,0.32487277164467476,0.21439188180586044,-1.5707963267948966,-0.9383978056177316,-1.6916268134714276
-4.349897520355098,-0.571198664289053,-0.8975979010256552,0.0,-6.283185307179586,0.0,-4.349897222204831,-0.5711984677287822,-0.8975977401128673,2.1473811162208438e-07,-6.283185360891825,1.2939621955344646e-07,2.981502671417502e-07,1.9656027072656457e-07,1.6091278798313624e-07,2.147381117367786e-07,-5.371223910088929e-08,1.2939621951701952e-07,0.3191091319158635,-0.21212968089058495,0.4869243791812516,1.5707963267948937,1.4687965653147081,1.9332877868244853
-6.283185307179586,-1.7135959928671598,-4.487989505128276,6.283185307179586,6.283185307179586,0.0,-6.283185117640873,-1.7135955537198237,-4.487989449962095,6.283185804451068,6.283185515937681,5.5053191387101695e-08,1.8953871361304664e-07,4.3914733627303804e-07,5.516618095668946e-08,4.97271481769701e-07,2.087580943666012e-07,5.505319133902731e-08,-0.17087299837556152,-0.22315000000000002,0.2904772280019879,1.5707963267948966,-0.08159980918415054,4.956840894959326e-16
5.316541413767341,-2.8559933214452666,2.6927937030769655,3.141592653589793,-6.283185307179586,0.0,5.31654154282512,-2.8559937454747963,2.692794311065444,3.1415927278848677,-6.283185754454267,-5.084135239741917e-07,1.2905777868610357e-07,-4.240295297108787e-07,6.079884786736045e-07,7.429507453693418e-08,-4.4727468040406393e-07,-5.084135241695265e-07,-0.16252550259108128,-0.157366099701993,0.3393217860733526,-1.5707963267948966,-0.1631996183683012,2.174948760177548
-6.283185307179586,-2.8559933214452666,-6.283185307179586,-6.283185307179586,0.0,0.0,-6.283185743781383,-2.8559930234437663,-6.2831856714470815,-6.283185372660112,-4.94053256823455e-07,3.946549381761363e-07,-4.366017964940738e-07,2.980015003650749e-07,-3.642674952786251e-07,-6.548052589039344e-08,-4.94053256971938e-07,3.946549380628994e-07,0.4142025419720057,-0.2231499999999999,0.36242407063532034,-1.5707963267948966,0.28559933214452715,-3.141592653589793
-4.349897520355098,3.9983906500233726,-0.8975979010256552,3.141592653589793,0.0,0.0,-4.3498978961123465,3.998390229584802,-0.8975983661845971,3.141592634080516,1.2429104834265844e-07,4.796928184306739e-07,-3.757572484275329e-07,-4.204385706252367e-07,-4.6515894203125185e-07,-1.9509277304763373e-08,1.2429104856437334e-07,4.796928183559146e-07,0.07778811085047374,0.42418155632736826,0.24193771061158922,1.5707963267948966,0.04079990459207598,1.9332877868244884
4.349897520355098,-2.8559933214452666,-4.487989505128276,0.0,-6.283185307179586,0.0,4.349897981316368,-2.855993477589924,-4.487989738174609,-7.942173173375772e-08,-6.283185391966694,-1.1933813380541857e-07,4.6096127004346954e-07,-1.5614465720403814e-07,-2.330463333422017e-07,-7.942173185782053e-08,-8.478710800119416e-08,-1.1933813359732426e-07,-0.22819347366842058,0.02759520808309257,0.36486937818743276,1.5707963267948961,1.060797519393956,-1.933287786824489
-1.4499658401183666,2.8559933214452666,0.8975979010256552,0.0,6.283185307179586,0.0,-1.44996534431483,2.8559931157534697,0.8975976606123107,-6.236895332588807e-08,6.28318538455667,2.8232249250389883e-07,4.958035368929359e-07,-2.0569179692842e-07,-2.4041334434343753e-07,-6.23689531131788e-08,7.737708340727067e-08,2.823224924952683e-07,-0.17823162510444762,-0.3834341879666665,0.27557748212180677,-1.5707963267948968,0.6119985688811284,1.6916268134714263
6.283185307179586,5.14078797860148,2.6927937030769655,-3.141592653589793,6.283185307179586,0.0,6.28318491642154,5.140788054972286,2.692793847993755,-3.1415930563465273,6.283185328876691,-7.658256031423527e-07,-3.907580463646809e-07,7.637080567945986e-08,1.449167896794279e-07,-4.0275673418577185e-07,2.169710455746099e-08,-7.658256029330346e-07,-0.1908555356594059,-0.22314999999999996,0.1619762485450105,-1.5707963267949057,1.5503963744988594,3.141592653589784
4.349897520355098,-1.7135959928671598,0.8975979010256552,-6.283185307179586,0.0,0.0,4.349897477314826,-1.7135961083430198,0.8975979119299875,-6.28318533410131,4.520115359877942e-07,-5.145006502853228e-07,-4.304027179102832e-08,-1.154758599852812e-07,1.0904332548022921e-08,-2.6921723517148166e-08,4.5201153620055834e-07,-5.1450065008396e-07,-0.14709612889648388,0.24143133209376963,0.48974113523193874,1.5707963267948966,0.8159980918415043,-1.9332877868244884
1.4499658401183657,-2.8559933214452666,-6.283185307179586,3.141592653589793,-6.283185307179586,0.0,1.4499653072445475,-2.8559932237325762,-6.283184794963247,3.141592922489144,-6.283185293611176,3.4619917504918513e-07,-5.328738179599668e-07,9.771269038338914e-08,5.122163395654411e-07,2.6889935078600047e-07,1.3568410395237152e-08,3.461991751052551e-07,0.27724640420324437,0.432025883357915,0.1986386200393257,1.5707963267948966,-0.28559933214452676,1.4499658401183655
2.41660973353061,2.8559933214452666,-4.487989505128276,0.0,0.0,0.0,2.4166093536341497,2.855993404262236,-4.48798933316378,-4.0511225170510513e-07,-6.945179565686839e-08,9.137179452827759e-08,-3.7989646006764133e-07,8.281696928236215e-08,1.7196449597634e-07,-4.051122517445549e-07,-6.945179586992367e-08,9.137179457496813e-08,0.027065911565000753,0.27414700627438365,0.3012550460972399,-1.5707963267948957,1.5095964699067839,-0.7249829200591829
1.4499658401183657,-6.283185307179586,-0.8975979010256552,6.283185307179586,6.283185307179586,0.0,1.4499661823047967,-6.283185401844819,-0.8975979361289392,6.283185778715582,6.28318490499446,4.172398832914186e-07,3.4218643119032777e-07,-9.466523298584661e-08,-3.5103283835269394e-08,4.7153599602722807e-07,-4.0218512609158097e-07,4.1723988308817184e-07,0.1681002434909023,-0.46687362244699193,0.265321617473541,1.5707963267948968,0.8975979010256552,1.4499658401183662
-2.4166097335306103,6.283185307179586,-0.8975979010256552,6.283185307179586,6.283185307179586,0.0,-2.4166097829343314,6.283184717680006,-0.8975983250219142,6.283185466611754,6.283185069485814,-7.249810967340647e-08,-4.940372111406077e-08,-5.894995798172431e-07,-4.2399625899136595e-07,1.5943216791214354e-07,-2.3769377222038202e-07,-7.249810973775084e-08,0.183769638556439,0.46093100475376214,0.26532161747354116,1.5707963267948968,0.8975979010256556,-2.41660973353061
6.283185307179586,5.14078797860148,-2.6927937030769655,-3.141592653589793,-6.283185307179586,0.0,6.283184978669211,5.140788909554987,-2.692793731797178,-3.1415924405520985,-6.283185618409554,1.933087634994506e-07,-3.285103753469798e-07,9.309535062840268e-07,-2.8720212430499714e-08,2.130376945963519e-07,-3.112299680196884e-07,1.9330876366296934e-07,0.008200963039743195,-0.22315000000000002,0.17146041771661888,1.5707963267948963,0.6935983780652784,-6.143623636641399e-16
1.4499658401183657,-2.8559933214452666,6.283185307179586,-3.141592653589793,6.283185307179586,0.0,1.4499651705656602,-2.855993095444898,6.283184872201531,-3.141592691704314,6.283186001552495,-6.237126050044362e-07,-6.695527057232198e-07,2.260003686416212e-07,-4.3497805535253065e-07,-3.8114520872767343e-08,6.943729085051586e-07,-6.237126051189534e-07,0.27724640420324437,0.4320258833579151,0.19863862003932564,1.5707963267948966,-0.28559933214452654,1.449965840118366
2.41660973353061,5.14078797860148,-6.283185307179586,-3.141592653589793,0.0,0.0,2.416609378164754,5.140787913409423,-6.2831848831664905,-3.1415933806016128,-1.7630258994610285e-07,3.4240952787326835e-07,-3.5536585585305147e-07,-6.519205708599429e-08,4.24013095745579e-07,-7.270118196345265e-07,-1.7630258986045533e-07,3.4240952784259093e-07,0.23188665781060838,0.0926916590464189,0.6027800852378872,-1.5707963267948966,-1.1423973285781057,-0.7249829200591834
-1.4499658401183666,-2.8559933214452666,-6.283185307179586,6.283185307179586,-6.283185307179586,0.0,-1.4499646843597291,-2.8559933139972795,-6.283185808269936,6.283185448760074,-6.283185158760972,9.686184087279897e-07,1.155758637239046e-06,7.447987115938304e-09,-5.010903496582841e-07,1.4158048777801469e-07,1.4841861428749326e-07,9.686184085921923e-07,-0.1715963858923593,-0.4380802992885569,0.3624240706353204,-1.5707963267948966,0.2855993321445266,1.691626813471427
5.316541413767341,5.14078797860148,-4.487989505128276,6.283185307179586,0.0,0.0,5.316541896738332,5.140787706629265,-4.487989501755339,6.2831855083244506,2.902854088208904e-07,1.021921792049344e-06,4.829709912002045e-07,-2.7197221541541694e-07,3.372936596690579e-09,2.0114486432021295e-07,2.902854085995443e-07,1.0219217920770518e-06,-0.3078817986690064,0.05321885063432582,0.17608972778041326,1.5707963267948966,-0.6527984734732042,-0.9666438934122451
-0.4833219467061225,3.9983906500233726,2.6927937030769655,-6.283185307179586,-6.283185307179586,0.0,-0.4833224029074203,3.9983905362798158,2.6927941957135086,-6.28318542871546,-6.283185810883994,4.881670261956504e-07,-4.562012976272456e-07,-1.1374355679549808e-07,4.926365431145996e-07,-1.2153587380936415e-07,-5.037044079614361e-07,4.881670263578997e-07,-0.1057783725690997,-0.19650025989456057,0.17297653629448997,1.5707963267948966,-0.4079990459207518,-0.4833219467061228
-6.283185307179586,2.8559933214452666,0.8975979010256552,-3.141592653589793,6.283185307179586,0.0,-6.283185338693124,2.855993532084754,0.8975979411770182,-3.141592309218781,6.2831852058879285,9.654800182721227e-08,-3.1513537557259497e-08,2.1063948718591519e-07,4.0151363123186457e-08,3.443710121509014e-07,-1.0129165772809756e-07,9.654800203762193e-08,0.45722298017624424,-0.2231499999999999,0.13585928177684087,1.5707963267948963,-0.6119985688811287,5.871494074624778e-16
-2.4166097335306103,-1.7135959928671598,-6.283185307179586,3.141592653589793,6.283185307179586,0.0,-2.416610555420818,-1.7135957136668951,-6.283184809698614,3.14159181914577,6.283185264333155,2.1928764847055996e-07,-8.218902078915846e-07,2.7920026468564174e-07,4.974809719726636e-07,-8.344440232121997e-07,-4.2846431291820863e-08,2.192876484841122e-07,-0.259865874352066,0.0679042361619783,0.5918043721324913,1.5707963267948946,-1.4279966607226335,-2.416609733530608
-5.316541413767342,5.14078797860148,6.283185307179586,-6.283185307179586,0.0,0.0,-5.3165416364444384,5.14078809894228,6.283184928554301,-6.283184709659652,-3.16845104473261e-07,3.091414935166234e-07,-2.22677096317625e-07,1.2034079954759136e-07,-3.786252849025118e-07,5.975199339758319e-07,-3.168451043755738e-07,3.0914149373728605e-07,0.0317608917697671,-0.3468113443771319,0.5318687425184652,1.5707963267948966,1.1423973285781062,0.9666438934122442
-0.4833219467061225,3.9983906500233726,-2.6927937030769655,-3.141592653589793,0.0,0.0,-0.48332193826014735,3.9983907646161545,-2.692793920984818,-3.141592816042743,-2.9139217952534194e-07,-1.2282029820466548e-07,8.445975030468844e-09,1.1459278193015621e-07,-2.1790785265096702e-07,-1.624529497590288e-07,-2.913921797187413e-07,-1.2282029837606956e-07,-0.08489140363610763,-0.20746258684892177,0.15253660355705131,-1.5707963267948963,1.305596946946407,2.658270706883671
-0.4833219467061225,-0.571198664289053,-0.8975979010256552,0.0,6.283185307179586,0.0,-0.48332186443509734,-0.5711983866675222,-0.8975978268409723,-5.822334689636493e-07,6.283185535128663,3.4881943137890793e-07,8.227102510360851e-08,2.7762153065324924e-07,7.418468284114965e-08,-5.822334689931097e-07,2.2794907650336427e-07,3.4881943156150896e-07,-0.37952461296251,-0.05282714967225101,0.48692437918125153,1.5707963267948983,1.4687965653147081,-0.4833219467061205
4.349897520355098,-6.283185307179586,6.283185307179586,-3.141592653589793,6.283185307179586,0.0,4.349897203407877,-6.283185538667606,6.2831851323841175,-3.141592608614393,6.2831855051973475,-2.3069967171689308e-07,-3.169472213571112e-07,-2.3148801986394574e-07,-1.7479546876586483e-07,4.497540029291258e-08,1.9801776129924065e-07,-2.3069967181044149e-07,-0.046683092398572,0.506198749390105,0.23719999999999997,-1.5707963267948966,1.2246467991473532e-16,1.2083048667653045
-6.283185307179586,3.9983906500233726,-6.283185307179586,-6.283185307179586,6.283185307179586,0.0,-6.283185493027605,3.9983908309578196,-6.283185455675203,-6.283185414984988,6.283185516038614,1.9160526673229089e-07,-1.8584801875221046e-07,1.8093444698052963e-07,-1.48495616691946e-07,-1.0780540193877641e-07,2.0885902785039434e-07,1.9160526676387235e-07,0.2346044140583733,-0.22314999999999996,0.5529309817285374,-1.5707963267948968,0.8567979964335798,3.141592653589793
5.316541413767341,-2.8559933214452666,2.6927937030769655,-3.141592653589793,6.283185307179586,0.0,5.316541678983874,-2.8559933976996588,2.692793329511507,-3.141592384724512,6.283185416900358,-6.406443323100334e-07,2.652165331795686e-07,-7.625439213398977e-08,-3.735654585668158e-07,2.688652811499992e-07,1.0972077202353603e-07,-6.406443322504174e-07,-0.16252550259108134,-0.15736609970199295,0.3393217860733526,-1.5707963267948966,-0.163199618368301,2.1749487601775477
0.4833219467061216,5.14078797860148,-6.283185307179586,0.0,6.283185307179586,0.0,0.48332180689075094,5.140787818041282,-6.283185541718381,1.1682819025766085e-08,6.283184847909747,-3.358069816547112e-07,-1.3981537083651574e-07,-1.6056019802590527e-07,-2.3453879460788585e-07,1.1682819156533242e-08,-4.592698390482042e-07,-3.358069817771536e-07,-0.1330483950620451,-0.3218462170138069,0.531868742518465,1.570796326794897,1.142397328578106,0.48332194670612205
-2.4166097335306103,5.14078797860148,-4.487989505128276,0.0,-6.283185307179586,0.0,-2.416609592457146,5.140788186028404,-4.487989894480333,-8.149926658349519e-07,-6.283185549027653,1.646325709332719e-07,1.4107346446579072e-07,2.0742692363739934e-07,-3.8935205726176036e-07,-8.149926657985418e-07,-2.418480669064138e-07,1.646325711313068e-07,0.01571977537139399,0.31205181729445863,0.17608972778041326,1.5707963267948968,-0.6527984734732045,-2.4166097335306107
3.383253626942853,6.283185307179586,-6.283185307179586,-3.141592653589793,6.283185307179586,0.0,3.3832535244516166,6.283185061160818,-6.283185387667307,-3.141592785643737,6.2831851513690795,4.5931043142750476e-08,-1.0249123638672586e-07,-2.460187680242143e-07,-8.048772048852015e-08,-1.3205394377990842e-07,-1.5581050671897856e-07,4.593104296901629e-08,0.3900743846235812,0.325973096221965,0.23720000000000008,-1.5707963267948966,1.2246467991473532e-16,0.24166097335305953
1.4499658401183657,3.9983906500233726,-4.487989505128276,-6.283185307179586,0.0,0.0,1.449966060624791,3.9983908978932075,-4.4879892762557,-6.283185221171298,9.313779479502163e-08,6.292544738091947e-07,2.2050642556337152e-07,2.4786983487956604e-07,2.2887257600245903e-07,8.600828849125719e-08,9.313779480990547e-08,6.292544738606409e-07,0.21323006458483046,-0.095196106594539,0.3608515628261186,1.5707963267948966,0.48959885510490303,1.4499658401183657
-3.3832536269428544,6.283185307179586,-0.8975979010256552,0.0,0.0,0.0,-3.383253341485532,6.28318544554812,-0.8975983459600771,-3.8939843916374463e-07,2.211079310339413e-07,-4.7440234058130037e-07,2.854573222244028e-07,1.3836853351989475e-07,-4.4493442175053133e-07,-3.8939843927110473e-07,2.2110793107543714e-07,-4.7440234052231744e-07,0.483731833385938,0.11059920690292502,0.26532161747354116,1.5707963267948966,0.8975979010256554,2.899931680236732
-5.316541413767342,-1.7135959928671598,0.8975979010256552,6.283185307179586,0.0,0.0,-5.316541260497999,-1.7135963919295782,0.8975978044659523,6.283185551732897,2.1914651532061146e-07,-2.6432090304176933e-07,1.532693429950882e-07,-3.9906241866560777e-07,-9.655970290012306e-08,2.445533109352027e-07,2.19146515156865e-07,-2.643209029429272e-07,0.08504348310723855,-0.26961818416770766,0.48974113523193874,1.5707963267948966,0.815998091841505,0.9666438934122443
2.41660973353061,-6.283185307179586,-6.283185307179586,-3.141592653589793,0.0,0.0,2.416609717588677,-6.283185201345141,-6.283185541379225,-3.1415929793786193,3.2722786975186657e-07,-6.502207342135046e-07,-1.594193266285515e-08,1.0583444520761986e-07,-2.3419963834925284e-07,-3.2578882613876203e-07,3.2722786968975015e-07,-6.502207341441135e-07,0.4898581054135839,-0.13585110069710218,0.23719999999999986,-1.5707963267948966,6.123233995736766e-16,-0.7249829200591834
-6.283185307179586,-6.283185307179586,-0.8975979010256552,-6.283185307179586,0.0,0.0,-6.28318540966286,-6.283185075356456,-0.8975978720080784,-6.283185140746281,9.2200996953099e-08,-4.220010666030892e-07,-1.0248327342310404e-07,2.3182313046987701e-07,2.9017576785861365e-08,1.6643330535970335e-07,9.220099705942175e-08,-4.2200106653567104e-07,-0.4432073427849283,-0.22315000000000013,0.26532161747354094,1.5707963267948966,0.8975979010256546,1.6814643414065248e-16
6.283185307179586,5.14078797860148,-4.487989505128276,3.141592653589793,-6.283185307179586,0.0,6.283185178096628,5.140787921423389,-4.487988877920002,3.141592388244345,-6.283185372163762,4.229712391200666e-07,-1.2908295854430207e-07,-5.717809159477838e-08,6.272082737623919e-07,-2.653454482803852e-07,-6.49841753741498e-08,4.229712389225426e-07,-0.3223802546354477,-0.2231499999999999,0.31169160326026085,-1.5707963267948963,0.6527984734732043,-3.141592653589793
4.349897520355098,-1.7135959928671598,-4.487989505128276,-6.283185307179586,6.283185307179586,0.0,4.349897708914685,-1.7135959521255937,-4.487989519759551,-6.283185096431068,6.2831852357333915,2.735050633264592e-07,1.8855958661134764e-07,4.074156612077218e-08,-1.4631274858345478e-08,2.1074851819236073e-07,-7.144619473820057e-08,2.735050634861125e-07,-0.14805647426766488,0.23889910946105045,0.2904772280019879,1.5707963267948966,-0.08159980918415105,-1.9332877868244882
1.4499658401183657,-1.7135959928671598,6.283185307179586,-6.283185307179586,-6.283185307179586,0.0,1.4499657932316699,-1.713596585880774,6.283185279814279,-6.2831847417968305,-6.283185261537744,3.153110894198711e-07,-4.688669585917182e-08,-5.930136142140441e-07,-2.736530735347742e-08,5.65382755723931e-07,4.564184230559931e-08,3.1531108923843476e-07,0.2191750563610121,-0.04623469434928307,0.6160975150257411,-1.5707963267948946,1.4279966607226335,-1.6916268134714254
-1.4499658401183666,3.9983906500233726,-4.487989505128276,-3.141592653589793,6.283185307179586,0.0,-1.449966617797454,3.9983909557383552,-4.4879893098968315,-3.1415923871293114,6.2831852927002005,-1.7824329106116934e-07,-7.7767908734927e-07,3.057149826624084e-07,1.952314443443015e-07,2.6646048167933145e-07,-1.447938569043572e-08,-1.78243291237834e-07,-0.22013977395232906,-0.03828953017294894,0.5114979959835436,-1.5707963267948963,-0.48959885510490314,1.6916268134714263
-1.4499658401183666,5.14078797860148,-0.8975979010256552,6.283185307179586,6.283185307179586,0.0,-1.4499661347815647,5.1407877351335785,-0.8975981799331351,6.283185361280626,6.2831851487184025,9.901888943187152e-08,-2.946631978417713e-07,-2.4346790183926714e-07,-2.7890747977821206e-07,5.410104009229144e-08,-1.5846118373019635e-07,9.901888953223192e-08,-0.23127410981327237,0.05340997567816358,0.6021433930213445,-1.570796326794897,1.1015974239860316,1.6916268134714263
6.283185307179586,5.14078797860148,-0.8975979010256552,0.0,0.0,0.0,6.283185526795259,5.140787871316672,-0.8975977572059627,7.278963830537617e-08,4.6560460689608083e-07,-6.566628427687672e-07,2.196156732026111e-07,-1.0728480859256706e-07,1.4381969259957827e-07,7.278963831680585e-08,4.6560460686961846e-07,-6.566628427684407e-07,-0.080897570246971,-0.22314999999999996,0.6021433930213445,-1.5707963267948966,1.101597423986032,3.141592653589793
-1.4499658401183666,-0.571198664289053,-2.6927937030769655,-6.283185307179586,-6.283185307179586,0.0,-1.4499661050595387,-0.5711979175862298,-2.692793740502218,-6.283184803825608,-6.283184679210242,-2.4339533919174544e-07,-2.649411721122874e-07,7.467028231289419e-07,-3.742525267469432e-08,5.033539780541219e-07,6.279693440802703e-07,-2.4339533899464527e-07,-0.21945717980520285,-0.043911198745737526,0.3422040169213491,-1.5707963267948966,-0.122399713776225,1.691626813471427
